time,AlpineCamp,Baytyk,Belogorka,Bishkek,ChonArik,ChonKemin,ChonKurchak,KaraKudzhur,Kegety,Kochkorka,Shabdan,Sosnovka
693976,NaN,NaN,NaN,NaN,NaN,NaN,NaN,NaN,NaN,NaN,NaN,NaN
694007,NaN,NaN,NaN,NaN,NaN,NaN,NaN,NaN,NaN,NaN,NaN,NaN
694035,NaN,NaN,NaN,NaN,NaN,NaN,NaN,NaN,NaN,NaN,NaN,NaN
694066,NaN,NaN,NaN,NaN,NaN,NaN,NaN,NaN,NaN,NaN,NaN,NaN
694096,NaN,NaN,NaN,NaN,NaN,NaN,NaN,NaN,NaN,NaN,NaN,NaN
694127,NaN,NaN,NaN,NaN,NaN,NaN,NaN,NaN,NaN,NaN,NaN,NaN
694157,NaN,NaN,NaN,NaN,NaN,NaN,NaN,NaN,NaN,NaN,NaN,NaN
694188,NaN,NaN,NaN,NaN,NaN,NaN,NaN,NaN,NaN,NaN,NaN,NaN
694219,NaN,NaN,NaN,NaN,NaN,NaN,NaN,NaN,NaN,NaN,NaN,NaN
694249,NaN,NaN,NaN,NaN,NaN,NaN,NaN,NaN,NaN,NaN,NaN,NaN
694280,NaN,NaN,NaN,NaN,NaN,NaN,NaN,NaN,NaN,NaN,NaN,NaN
694310,NaN,NaN,NaN,NaN,NaN,NaN,NaN,NaN,NaN,NaN,NaN,NaN
694341,NaN,NaN,NaN,NaN,NaN,NaN,NaN,NaN,NaN,NaN,NaN,NaN
694372,NaN,NaN,NaN,NaN,NaN,NaN,NaN,NaN,NaN,NaN,NaN,NaN
694400,NaN,NaN,NaN,NaN,NaN,NaN,NaN,NaN,NaN,NaN,NaN,NaN
694431,NaN,NaN,NaN,NaN,NaN,NaN,NaN,NaN,NaN,NaN,NaN,NaN
694461,NaN,NaN,NaN,NaN,NaN,NaN,NaN,NaN,NaN,NaN,NaN,NaN
694492,NaN,NaN,NaN,NaN,NaN,NaN,NaN,NaN,NaN,NaN,NaN,NaN
694522,NaN,NaN,NaN,NaN,NaN,NaN,NaN,NaN,NaN,NaN,NaN,NaN
694553,NaN,NaN,NaN,NaN,NaN,NaN,NaN,NaN,NaN,NaN,NaN,NaN
694584,NaN,NaN,NaN,NaN,NaN,NaN,NaN,NaN,NaN,NaN,NaN,NaN
694614,NaN,NaN,NaN,NaN,NaN,NaN,NaN,NaN,NaN,NaN,NaN,NaN
694645,NaN,NaN,NaN,NaN,NaN,NaN,NaN,NaN,NaN,NaN,NaN,NaN
694675,NaN,NaN,NaN,NaN,NaN,NaN,NaN,NaN,NaN,NaN,NaN,NaN
694706,NaN,NaN,NaN,NaN,NaN,NaN,NaN,NaN,NaN,NaN,NaN,NaN
694737,NaN,NaN,NaN,NaN,NaN,NaN,NaN,NaN,NaN,NaN,NaN,NaN
694765,NaN,NaN,NaN,NaN,NaN,NaN,NaN,NaN,NaN,NaN,NaN,NaN
694796,NaN,NaN,NaN,NaN,NaN,NaN,NaN,NaN,NaN,NaN,NaN,NaN
694826,NaN,NaN,NaN,NaN,NaN,NaN,NaN,NaN,NaN,NaN,NaN,NaN
694857,NaN,NaN,NaN,NaN,NaN,NaN,NaN,NaN,NaN,NaN,NaN,NaN
694887,NaN,NaN,NaN,NaN,NaN,NaN,NaN,NaN,NaN,NaN,NaN,NaN
694918,NaN,NaN,NaN,NaN,NaN,NaN,NaN,NaN,NaN,NaN,NaN,NaN
694949,NaN,NaN,NaN,NaN,NaN,NaN,NaN,NaN,NaN,NaN,NaN,NaN
694979,NaN,NaN,NaN,NaN,NaN,NaN,NaN,NaN,NaN,NaN,NaN,NaN
695010,NaN,NaN,NaN,NaN,NaN,NaN,NaN,NaN,NaN,NaN,NaN,NaN
695040,NaN,NaN,NaN,NaN,NaN,NaN,NaN,NaN,NaN,NaN,NaN,NaN
695071,NaN,NaN,NaN,NaN,NaN,NaN,NaN,NaN,NaN,NaN,NaN,NaN
695102,NaN,NaN,NaN,NaN,NaN,NaN,NaN,NaN,NaN,NaN,NaN,NaN
695130,NaN,NaN,NaN,NaN,NaN,NaN,NaN,NaN,NaN,NaN,NaN,NaN
695161,NaN,NaN,NaN,NaN,NaN,NaN,NaN,NaN,NaN,NaN,NaN,NaN
695191,NaN,NaN,NaN,NaN,NaN,NaN,NaN,NaN,NaN,NaN,NaN,NaN
695222,NaN,NaN,NaN,NaN,NaN,NaN,NaN,NaN,NaN,NaN,NaN,NaN
695252,NaN,NaN,NaN,NaN,NaN,NaN,NaN,NaN,NaN,NaN,NaN,NaN
695283,NaN,NaN,NaN,NaN,NaN,NaN,NaN,NaN,NaN,NaN,NaN,NaN
695314,NaN,NaN,NaN,NaN,NaN,NaN,NaN,NaN,NaN,NaN,NaN,NaN
695344,NaN,NaN,NaN,NaN,NaN,NaN,NaN,NaN,NaN,NaN,NaN,NaN
695375,NaN,NaN,NaN,NaN,NaN,NaN,NaN,NaN,NaN,NaN,NaN,NaN
695405,NaN,NaN,NaN,NaN,NaN,NaN,NaN,NaN,NaN,NaN,NaN,NaN
695436,NaN,NaN,NaN,NaN,NaN,NaN,NaN,NaN,NaN,NaN,NaN,NaN
695467,NaN,NaN,NaN,NaN,NaN,NaN,NaN,NaN,NaN,NaN,NaN,NaN
695496,NaN,NaN,NaN,NaN,NaN,NaN,NaN,NaN,NaN,NaN,NaN,NaN
695527,NaN,NaN,NaN,NaN,NaN,NaN,NaN,NaN,NaN,NaN,NaN,NaN
695557,NaN,NaN,NaN,NaN,NaN,NaN,NaN,NaN,NaN,NaN,NaN,NaN
695588,NaN,NaN,NaN,NaN,NaN,NaN,NaN,NaN,NaN,NaN,NaN,NaN
695618,NaN,NaN,NaN,NaN,NaN,NaN,NaN,NaN,NaN,NaN,NaN,NaN
695649,NaN,NaN,NaN,NaN,NaN,NaN,NaN,NaN,NaN,NaN,NaN,NaN
695680,NaN,NaN,NaN,NaN,NaN,NaN,NaN,NaN,NaN,NaN,NaN,NaN
695710,NaN,NaN,NaN,NaN,NaN,NaN,NaN,NaN,NaN,NaN,NaN,NaN
695741,NaN,NaN,NaN,NaN,NaN,NaN,NaN,NaN,NaN,NaN,NaN,NaN
695771,NaN,NaN,NaN,NaN,NaN,NaN,NaN,NaN,NaN,NaN,NaN,NaN
695802,NaN,NaN,NaN,NaN,NaN,NaN,NaN,NaN,NaN,NaN,NaN,NaN
695833,NaN,NaN,NaN,NaN,NaN,NaN,NaN,NaN,NaN,NaN,NaN,NaN
695861,NaN,NaN,NaN,NaN,NaN,NaN,NaN,NaN,NaN,NaN,NaN,NaN
695892,NaN,NaN,NaN,NaN,NaN,NaN,NaN,NaN,NaN,NaN,NaN,NaN
695922,NaN,NaN,NaN,NaN,NaN,NaN,NaN,NaN,NaN,NaN,NaN,NaN
695953,NaN,NaN,NaN,NaN,NaN,NaN,NaN,NaN,NaN,NaN,NaN,NaN
695983,NaN,NaN,NaN,NaN,NaN,NaN,NaN,NaN,NaN,NaN,NaN,NaN
696014,NaN,NaN,NaN,NaN,NaN,NaN,NaN,NaN,NaN,NaN,NaN,NaN
696045,NaN,NaN,NaN,NaN,NaN,NaN,NaN,NaN,NaN,NaN,NaN,NaN
696075,NaN,NaN,NaN,NaN,NaN,NaN,NaN,NaN,NaN,NaN,NaN,NaN
696106,NaN,NaN,NaN,NaN,NaN,NaN,NaN,NaN,NaN,NaN,NaN,NaN
696136,NaN,NaN,NaN,NaN,NaN,NaN,NaN,NaN,NaN,NaN,NaN,NaN
696167,NaN,NaN,NaN,NaN,NaN,NaN,NaN,NaN,NaN,NaN,NaN,NaN
696198,NaN,NaN,NaN,NaN,NaN,NaN,NaN,NaN,NaN,NaN,NaN,NaN
696226,NaN,NaN,NaN,NaN,NaN,NaN,NaN,NaN,NaN,NaN,NaN,NaN
696257,NaN,NaN,NaN,NaN,NaN,NaN,NaN,NaN,NaN,NaN,NaN,NaN
696287,NaN,NaN,NaN,NaN,NaN,NaN,NaN,NaN,NaN,NaN,NaN,NaN
696318,NaN,NaN,NaN,NaN,NaN,NaN,NaN,NaN,NaN,NaN,NaN,NaN
696348,NaN,NaN,NaN,NaN,NaN,NaN,NaN,NaN,NaN,NaN,NaN,NaN
696379,NaN,NaN,NaN,NaN,NaN,NaN,NaN,NaN,NaN,NaN,NaN,NaN
696410,NaN,NaN,NaN,NaN,NaN,NaN,NaN,NaN,NaN,NaN,NaN,NaN
696440,NaN,NaN,NaN,NaN,NaN,NaN,NaN,NaN,NaN,NaN,NaN,NaN
696471,NaN,NaN,NaN,NaN,NaN,NaN,NaN,NaN,NaN,NaN,NaN,NaN
696501,NaN,NaN,NaN,NaN,NaN,NaN,NaN,NaN,NaN,NaN,NaN,NaN
696532,NaN,NaN,NaN,NaN,NaN,NaN,NaN,NaN,NaN,NaN,NaN,NaN
696563,NaN,NaN,NaN,NaN,NaN,NaN,NaN,NaN,NaN,NaN,NaN,NaN
696591,NaN,NaN,NaN,NaN,NaN,NaN,NaN,NaN,NaN,NaN,NaN,NaN
696622,NaN,NaN,NaN,NaN,NaN,NaN,NaN,NaN,NaN,NaN,NaN,NaN
696652,NaN,NaN,NaN,NaN,NaN,NaN,NaN,NaN,NaN,NaN,NaN,NaN
696683,NaN,NaN,NaN,NaN,NaN,NaN,NaN,NaN,NaN,NaN,NaN,NaN
696713,NaN,NaN,NaN,NaN,NaN,NaN,NaN,NaN,NaN,NaN,NaN,NaN
696744,NaN,NaN,NaN,NaN,NaN,NaN,NaN,NaN,NaN,NaN,NaN,NaN
696775,NaN,NaN,NaN,NaN,NaN,NaN,NaN,NaN,NaN,NaN,NaN,NaN
696805,NaN,NaN,NaN,NaN,NaN,NaN,NaN,NaN,NaN,NaN,NaN,NaN
696836,NaN,NaN,NaN,NaN,NaN,NaN,NaN,NaN,NaN,NaN,NaN,NaN
696866,NaN,NaN,NaN,NaN,NaN,NaN,NaN,NaN,NaN,NaN,NaN,NaN
696897,NaN,NaN,NaN,NaN,NaN,NaN,NaN,NaN,NaN,NaN,NaN,NaN
696928,NaN,NaN,NaN,NaN,NaN,NaN,NaN,NaN,NaN,NaN,NaN,NaN
696957,NaN,NaN,NaN,NaN,NaN,NaN,NaN,NaN,NaN,NaN,NaN,NaN
696988,NaN,NaN,NaN,NaN,NaN,NaN,NaN,NaN,NaN,NaN,NaN,NaN
697018,NaN,NaN,NaN,NaN,NaN,NaN,NaN,NaN,NaN,NaN,NaN,NaN
697049,NaN,NaN,NaN,NaN,NaN,NaN,NaN,NaN,NaN,NaN,NaN,NaN
697079,NaN,NaN,NaN,NaN,NaN,NaN,NaN,NaN,NaN,NaN,NaN,NaN
697110,NaN,NaN,NaN,NaN,NaN,NaN,NaN,NaN,NaN,NaN,NaN,NaN
697141,NaN,NaN,NaN,NaN,NaN,NaN,NaN,NaN,NaN,NaN,NaN,NaN
697171,NaN,NaN,NaN,NaN,NaN,NaN,NaN,NaN,NaN,NaN,NaN,NaN
697202,NaN,NaN,NaN,NaN,NaN,NaN,NaN,NaN,NaN,NaN,NaN,NaN
697232,NaN,NaN,NaN,NaN,NaN,NaN,NaN,NaN,NaN,NaN,NaN,NaN
697263,NaN,NaN,NaN,NaN,NaN,NaN,NaN,NaN,NaN,NaN,NaN,NaN
697294,NaN,NaN,NaN,NaN,NaN,NaN,NaN,NaN,NaN,NaN,NaN,NaN
697322,NaN,NaN,NaN,NaN,NaN,NaN,NaN,NaN,NaN,NaN,NaN,NaN
697353,NaN,NaN,NaN,NaN,NaN,NaN,NaN,NaN,NaN,NaN,NaN,NaN
697383,NaN,NaN,NaN,NaN,NaN,NaN,NaN,NaN,NaN,NaN,NaN,NaN
697414,NaN,NaN,NaN,NaN,NaN,NaN,NaN,NaN,NaN,NaN,NaN,NaN
697444,NaN,NaN,NaN,NaN,NaN,NaN,NaN,NaN,NaN,NaN,NaN,NaN
697475,NaN,NaN,NaN,NaN,NaN,NaN,NaN,NaN,NaN,NaN,NaN,NaN
697506,NaN,NaN,NaN,NaN,NaN,NaN,NaN,NaN,NaN,NaN,NaN,NaN
697536,NaN,NaN,NaN,NaN,NaN,NaN,NaN,NaN,NaN,NaN,NaN,NaN
697567,NaN,NaN,NaN,NaN,NaN,NaN,NaN,NaN,NaN,NaN,NaN,NaN
697597,NaN,NaN,NaN,NaN,NaN,NaN,NaN,NaN,NaN,NaN,NaN,NaN
697628,NaN,NaN,NaN,NaN,NaN,NaN,NaN,NaN,NaN,NaN,NaN,NaN
697659,NaN,NaN,NaN,NaN,NaN,NaN,NaN,NaN,NaN,NaN,NaN,NaN
697687,NaN,NaN,NaN,NaN,NaN,NaN,NaN,NaN,NaN,NaN,NaN,NaN
697718,NaN,NaN,NaN,NaN,NaN,NaN,NaN,NaN,NaN,NaN,NaN,NaN
697748,NaN,NaN,NaN,NaN,NaN,NaN,NaN,NaN,NaN,NaN,NaN,NaN
697779,NaN,NaN,NaN,NaN,NaN,NaN,NaN,NaN,NaN,NaN,NaN,NaN
697809,NaN,NaN,NaN,NaN,NaN,NaN,NaN,NaN,NaN,NaN,NaN,NaN
697840,NaN,NaN,NaN,NaN,NaN,NaN,NaN,NaN,NaN,NaN,NaN,NaN
697871,NaN,NaN,NaN,NaN,NaN,NaN,NaN,NaN,NaN,NaN,NaN,NaN
697901,NaN,NaN,NaN,NaN,NaN,NaN,NaN,NaN,NaN,NaN,NaN,NaN
697932,NaN,NaN,NaN,NaN,NaN,NaN,NaN,NaN,NaN,NaN,NaN,NaN
697962,NaN,NaN,NaN,NaN,NaN,NaN,NaN,NaN,NaN,NaN,NaN,NaN
697993,NaN,NaN,NaN,NaN,NaN,NaN,NaN,NaN,NaN,NaN,NaN,NaN
698024,NaN,NaN,NaN,NaN,NaN,NaN,NaN,NaN,NaN,NaN,NaN,NaN
698052,NaN,NaN,NaN,NaN,NaN,NaN,NaN,NaN,NaN,NaN,NaN,NaN
698083,NaN,NaN,NaN,NaN,NaN,NaN,NaN,NaN,NaN,NaN,NaN,NaN
698113,NaN,NaN,NaN,NaN,NaN,NaN,NaN,NaN,NaN,NaN,NaN,NaN
698144,NaN,NaN,NaN,NaN,NaN,NaN,NaN,NaN,NaN,NaN,NaN,NaN
698174,NaN,NaN,NaN,NaN,NaN,NaN,NaN,NaN,NaN,NaN,NaN,NaN
698205,NaN,NaN,NaN,NaN,NaN,NaN,NaN,NaN,NaN,NaN,NaN,NaN
698236,NaN,NaN,NaN,NaN,NaN,NaN,NaN,NaN,NaN,NaN,NaN,NaN
698266,NaN,NaN,NaN,NaN,NaN,NaN,NaN,NaN,NaN,NaN,NaN,NaN
698297,NaN,NaN,NaN,NaN,NaN,NaN,NaN,NaN,NaN,NaN,NaN,NaN
698327,NaN,NaN,NaN,NaN,NaN,NaN,NaN,NaN,NaN,NaN,NaN,NaN
698358,NaN,NaN,NaN,NaN,NaN,NaN,NaN,NaN,NaN,NaN,NaN,NaN
698389,NaN,NaN,NaN,NaN,NaN,NaN,NaN,NaN,NaN,NaN,NaN,NaN
698418,NaN,NaN,NaN,NaN,NaN,NaN,NaN,NaN,NaN,NaN,NaN,NaN
698449,NaN,NaN,NaN,NaN,NaN,NaN,NaN,NaN,NaN,NaN,NaN,NaN
698479,NaN,NaN,NaN,NaN,NaN,NaN,NaN,NaN,NaN,NaN,NaN,NaN
698510,NaN,NaN,NaN,NaN,NaN,NaN,NaN,NaN,NaN,NaN,NaN,NaN
698540,NaN,NaN,NaN,NaN,NaN,NaN,NaN,NaN,NaN,NaN,NaN,NaN
698571,NaN,NaN,NaN,NaN,NaN,NaN,NaN,NaN,NaN,NaN,NaN,NaN
698602,NaN,NaN,NaN,NaN,NaN,NaN,NaN,NaN,NaN,NaN,NaN,NaN
698632,NaN,NaN,NaN,NaN,NaN,NaN,NaN,NaN,NaN,NaN,NaN,NaN
698663,NaN,NaN,NaN,NaN,NaN,NaN,NaN,NaN,NaN,NaN,NaN,NaN
698693,NaN,NaN,NaN,NaN,NaN,NaN,NaN,NaN,NaN,NaN,NaN,NaN
698724,NaN,NaN,NaN,NaN,NaN,NaN,NaN,NaN,NaN,NaN,NaN,NaN
698755,NaN,NaN,NaN,NaN,NaN,NaN,NaN,NaN,NaN,NaN,NaN,NaN
698783,NaN,NaN,NaN,NaN,NaN,NaN,NaN,NaN,NaN,NaN,NaN,NaN
698814,NaN,NaN,NaN,NaN,NaN,NaN,NaN,NaN,NaN,NaN,NaN,NaN
698844,NaN,NaN,NaN,NaN,NaN,NaN,NaN,NaN,NaN,NaN,NaN,NaN
698875,NaN,NaN,NaN,NaN,NaN,NaN,NaN,NaN,NaN,NaN,NaN,NaN
698905,NaN,NaN,NaN,NaN,NaN,NaN,NaN,NaN,NaN,NaN,NaN,NaN
698936,NaN,NaN,NaN,NaN,NaN,NaN,NaN,NaN,NaN,NaN,NaN,NaN
698967,NaN,NaN,NaN,NaN,NaN,NaN,NaN,NaN,NaN,NaN,NaN,NaN
698997,NaN,NaN,NaN,NaN,NaN,NaN,NaN,NaN,NaN,NaN,NaN,NaN
699028,NaN,NaN,NaN,NaN,NaN,NaN,NaN,NaN,NaN,NaN,NaN,NaN
699058,NaN,NaN,NaN,NaN,NaN,NaN,NaN,NaN,NaN,NaN,NaN,NaN
699089,NaN,NaN,NaN,NaN,NaN,NaN,NaN,NaN,NaN,NaN,NaN,NaN
699120,NaN,NaN,NaN,NaN,NaN,NaN,NaN,NaN,NaN,NaN,NaN,NaN
699148,NaN,NaN,NaN,NaN,NaN,NaN,NaN,NaN,NaN,NaN,NaN,NaN
699179,NaN,NaN,NaN,NaN,NaN,NaN,NaN,NaN,NaN,NaN,NaN,NaN
699209,NaN,NaN,NaN,NaN,NaN,NaN,NaN,NaN,NaN,NaN,NaN,NaN
699240,NaN,NaN,NaN,NaN,NaN,NaN,NaN,NaN,NaN,NaN,NaN,NaN
699270,NaN,NaN,NaN,NaN,NaN,NaN,NaN,NaN,NaN,NaN,NaN,NaN
699301,NaN,NaN,NaN,NaN,NaN,NaN,NaN,NaN,NaN,NaN,NaN,NaN
699332,NaN,NaN,NaN,NaN,NaN,NaN,NaN,NaN,NaN,NaN,NaN,NaN
699362,NaN,NaN,NaN,NaN,NaN,NaN,NaN,NaN,NaN,NaN,NaN,NaN
699393,NaN,NaN,NaN,NaN,NaN,NaN,NaN,NaN,NaN,NaN,NaN,NaN
699423,NaN,NaN,NaN,NaN,NaN,NaN,NaN,NaN,NaN,NaN,NaN,NaN
699454,NaN,NaN,NaN,NaN,NaN,NaN,NaN,NaN,NaN,NaN,NaN,NaN
699485,NaN,NaN,NaN,NaN,NaN,NaN,NaN,NaN,NaN,NaN,NaN,NaN
699513,NaN,NaN,NaN,NaN,NaN,NaN,NaN,NaN,NaN,NaN,NaN,NaN
699544,NaN,NaN,NaN,NaN,NaN,NaN,NaN,NaN,NaN,NaN,NaN,NaN
699574,NaN,NaN,NaN,NaN,NaN,NaN,NaN,NaN,NaN,NaN,NaN,NaN
699605,NaN,NaN,NaN,NaN,NaN,NaN,NaN,NaN,NaN,NaN,NaN,NaN
699635,NaN,NaN,NaN,NaN,NaN,NaN,NaN,NaN,NaN,NaN,NaN,NaN
699666,NaN,NaN,NaN,NaN,NaN,NaN,NaN,NaN,NaN,NaN,NaN,NaN
699697,NaN,NaN,NaN,NaN,NaN,NaN,NaN,NaN,NaN,NaN,NaN,NaN
699727,NaN,NaN,NaN,NaN,NaN,NaN,NaN,NaN,NaN,NaN,NaN,NaN
699758,NaN,NaN,NaN,NaN,NaN,NaN,NaN,NaN,NaN,NaN,NaN,NaN
699788,NaN,NaN,NaN,NaN,NaN,NaN,NaN,NaN,NaN,NaN,NaN,NaN
699819,NaN,NaN,NaN,NaN,NaN,NaN,NaN,NaN,NaN,NaN,NaN,NaN
699850,NaN,NaN,NaN,NaN,NaN,NaN,NaN,NaN,NaN,NaN,NaN,NaN
699879,NaN,NaN,NaN,NaN,NaN,NaN,NaN,NaN,NaN,NaN,NaN,NaN
699910,NaN,NaN,NaN,NaN,NaN,NaN,NaN,NaN,NaN,NaN,NaN,NaN
699940,NaN,NaN,NaN,NaN,NaN,NaN,NaN,NaN,NaN,NaN,NaN,NaN
699971,NaN,NaN,NaN,NaN,NaN,NaN,NaN,NaN,NaN,NaN,NaN,NaN
700001,NaN,NaN,NaN,NaN,NaN,NaN,NaN,NaN,NaN,NaN,NaN,NaN
700032,NaN,NaN,NaN,NaN,NaN,NaN,NaN,NaN,NaN,NaN,NaN,NaN
700063,NaN,NaN,NaN,NaN,NaN,NaN,NaN,NaN,NaN,NaN,NaN,NaN
700093,NaN,NaN,NaN,NaN,NaN,NaN,NaN,NaN,NaN,NaN,NaN,NaN
700124,NaN,NaN,NaN,NaN,NaN,NaN,NaN,NaN,NaN,NaN,NaN,NaN
700154,NaN,NaN,NaN,NaN,NaN,NaN,NaN,NaN,NaN,NaN,NaN,NaN
700185,NaN,NaN,NaN,NaN,NaN,NaN,NaN,NaN,NaN,NaN,NaN,NaN
700216,NaN,NaN,NaN,NaN,NaN,NaN,NaN,NaN,NaN,NaN,NaN,NaN
700244,NaN,NaN,NaN,NaN,NaN,NaN,NaN,NaN,NaN,NaN,NaN,NaN
700275,NaN,NaN,NaN,NaN,NaN,NaN,NaN,NaN,NaN,NaN,NaN,NaN
700305,NaN,NaN,NaN,NaN,NaN,NaN,NaN,NaN,NaN,NaN,NaN,NaN
700336,NaN,NaN,NaN,NaN,NaN,NaN,NaN,NaN,NaN,NaN,NaN,NaN
700366,NaN,NaN,NaN,NaN,NaN,NaN,NaN,NaN,NaN,NaN,NaN,NaN
700397,NaN,NaN,NaN,NaN,NaN,NaN,NaN,NaN,NaN,NaN,NaN,NaN
700428,NaN,NaN,NaN,NaN,NaN,NaN,NaN,NaN,NaN,NaN,NaN,NaN
700458,NaN,NaN,NaN,NaN,NaN,NaN,NaN,NaN,NaN,NaN,NaN,NaN
700489,NaN,NaN,NaN,NaN,NaN,NaN,NaN,NaN,NaN,NaN,NaN,NaN
700519,NaN,NaN,NaN,NaN,NaN,NaN,NaN,NaN,NaN,NaN,NaN,NaN
700550,NaN,NaN,NaN,NaN,NaN,NaN,NaN,NaN,NaN,NaN,NaN,NaN
700581,NaN,NaN,NaN,NaN,NaN,NaN,NaN,NaN,NaN,NaN,NaN,NaN
700609,NaN,NaN,NaN,NaN,NaN,NaN,NaN,NaN,NaN,NaN,NaN,NaN
700640,NaN,NaN,NaN,NaN,NaN,NaN,NaN,NaN,NaN,NaN,NaN,NaN
700670,NaN,NaN,NaN,NaN,NaN,NaN,NaN,NaN,NaN,NaN,NaN,NaN
700701,NaN,NaN,NaN,NaN,NaN,NaN,NaN,NaN,NaN,NaN,NaN,NaN
700731,NaN,NaN,NaN,NaN,NaN,NaN,NaN,NaN,NaN,NaN,NaN,NaN
700762,NaN,NaN,NaN,NaN,NaN,NaN,NaN,NaN,NaN,NaN,NaN,NaN
700793,NaN,NaN,NaN,NaN,NaN,NaN,NaN,NaN,NaN,NaN,NaN,NaN
700823,NaN,NaN,NaN,NaN,NaN,NaN,NaN,NaN,NaN,NaN,NaN,NaN
700854,NaN,NaN,NaN,NaN,NaN,NaN,NaN,NaN,NaN,NaN,NaN,NaN
700884,NaN,NaN,NaN,NaN,NaN,NaN,NaN,NaN,NaN,NaN,NaN,NaN
700915,NaN,NaN,NaN,NaN,NaN,NaN,NaN,NaN,NaN,NaN,NaN,NaN
700946,NaN,NaN,NaN,NaN,NaN,NaN,NaN,NaN,NaN,NaN,NaN,NaN
700974,NaN,NaN,NaN,NaN,NaN,NaN,NaN,NaN,NaN,NaN,NaN,NaN
701005,NaN,NaN,NaN,NaN,NaN,NaN,NaN,NaN,NaN,NaN,NaN,NaN
701035,NaN,NaN,NaN,NaN,NaN,NaN,NaN,NaN,NaN,NaN,NaN,NaN
701066,NaN,NaN,NaN,NaN,NaN,NaN,NaN,NaN,NaN,NaN,NaN,NaN
701096,NaN,NaN,NaN,NaN,NaN,NaN,NaN,NaN,NaN,NaN,NaN,NaN
701127,NaN,NaN,NaN,NaN,NaN,NaN,NaN,NaN,NaN,NaN,NaN,NaN
701158,NaN,NaN,NaN,NaN,NaN,NaN,NaN,NaN,NaN,NaN,NaN,NaN
701188,NaN,NaN,NaN,NaN,NaN,NaN,NaN,NaN,NaN,NaN,NaN,NaN
701219,NaN,NaN,NaN,NaN,NaN,NaN,NaN,NaN,NaN,NaN,NaN,NaN
701249,NaN,NaN,NaN,NaN,NaN,NaN,NaN,NaN,NaN,NaN,NaN,NaN
701280,NaN,NaN,NaN,NaN,NaN,NaN,NaN,NaN,NaN,NaN,NaN,NaN
701311,NaN,NaN,NaN,NaN,NaN,NaN,NaN,NaN,NaN,NaN,NaN,NaN
701340,NaN,NaN,NaN,NaN,NaN,NaN,NaN,NaN,NaN,NaN,NaN,NaN
701371,NaN,NaN,NaN,NaN,NaN,NaN,NaN,NaN,NaN,NaN,NaN,NaN
701401,NaN,NaN,NaN,NaN,NaN,NaN,NaN,NaN,NaN,NaN,NaN,NaN
701432,NaN,NaN,NaN,NaN,NaN,NaN,NaN,NaN,NaN,NaN,NaN,NaN
701462,NaN,NaN,NaN,NaN,NaN,NaN,NaN,NaN,NaN,NaN,NaN,NaN
701493,NaN,NaN,NaN,NaN,NaN,NaN,NaN,NaN,NaN,NaN,NaN,NaN
701524,NaN,NaN,NaN,NaN,NaN,NaN,NaN,NaN,NaN,NaN,NaN,NaN
701554,NaN,NaN,NaN,NaN,NaN,NaN,NaN,NaN,NaN,NaN,NaN,NaN
701585,NaN,NaN,NaN,NaN,NaN,NaN,NaN,NaN,NaN,NaN,NaN,NaN
701615,NaN,NaN,NaN,NaN,NaN,NaN,NaN,NaN,NaN,NaN,NaN,NaN
701646,NaN,NaN,NaN,NaN,NaN,NaN,NaN,NaN,NaN,NaN,NaN,NaN
701677,NaN,NaN,NaN,NaN,NaN,NaN,NaN,NaN,NaN,NaN,NaN,NaN
701705,NaN,NaN,NaN,NaN,NaN,NaN,NaN,NaN,NaN,NaN,NaN,NaN
701736,NaN,NaN,NaN,NaN,NaN,NaN,NaN,NaN,NaN,NaN,NaN,NaN
701766,NaN,NaN,NaN,NaN,NaN,NaN,NaN,NaN,NaN,NaN,NaN,NaN
701797,NaN,NaN,NaN,NaN,NaN,NaN,NaN,NaN,NaN,NaN,NaN,NaN
701827,NaN,NaN,NaN,NaN,NaN,NaN,NaN,NaN,NaN,NaN,NaN,NaN
701858,NaN,NaN,NaN,NaN,NaN,NaN,NaN,NaN,NaN,NaN,NaN,NaN
701889,NaN,NaN,NaN,NaN,NaN,NaN,NaN,NaN,NaN,NaN,NaN,NaN
701919,NaN,NaN,NaN,NaN,NaN,NaN,NaN,NaN,NaN,NaN,NaN,NaN
701950,NaN,NaN,NaN,NaN,NaN,NaN,NaN,NaN,NaN,NaN,NaN,NaN
701980,NaN,NaN,NaN,NaN,NaN,NaN,NaN,NaN,NaN,NaN,NaN,NaN
702011,NaN,NaN,NaN,NaN,NaN,NaN,NaN,NaN,NaN,NaN,NaN,NaN
702042,NaN,NaN,NaN,NaN,NaN,NaN,NaN,NaN,NaN,NaN,NaN,NaN
702070,NaN,NaN,NaN,NaN,NaN,NaN,NaN,NaN,NaN,NaN,NaN,NaN
702101,NaN,NaN,NaN,NaN,NaN,NaN,NaN,NaN,NaN,NaN,NaN,NaN
702131,NaN,NaN,NaN,NaN,NaN,NaN,NaN,NaN,NaN,NaN,NaN,NaN
702162,NaN,NaN,NaN,NaN,NaN,NaN,NaN,NaN,NaN,NaN,NaN,NaN
702192,NaN,NaN,NaN,NaN,NaN,NaN,NaN,NaN,NaN,NaN,NaN,NaN
702223,NaN,NaN,NaN,NaN,NaN,NaN,NaN,NaN,NaN,NaN,NaN,NaN
702254,NaN,NaN,NaN,NaN,NaN,NaN,NaN,NaN,NaN,NaN,NaN,NaN
702284,NaN,NaN,NaN,NaN,NaN,NaN,NaN,NaN,NaN,NaN,NaN,NaN
702315,NaN,NaN,NaN,NaN,NaN,NaN,NaN,NaN,NaN,NaN,NaN,NaN
702345,NaN,NaN,NaN,NaN,NaN,NaN,NaN,NaN,NaN,NaN,NaN,NaN
702376,NaN,NaN,NaN,NaN,NaN,NaN,NaN,NaN,NaN,NaN,NaN,NaN
702407,NaN,NaN,NaN,NaN,NaN,NaN,NaN,NaN,NaN,NaN,NaN,NaN
702435,NaN,NaN,NaN,NaN,NaN,NaN,NaN,NaN,NaN,NaN,NaN,NaN
702466,NaN,NaN,NaN,NaN,NaN,NaN,NaN,NaN,NaN,NaN,NaN,NaN
702496,NaN,NaN,NaN,NaN,NaN,NaN,NaN,NaN,NaN,NaN,NaN,NaN
702527,NaN,NaN,NaN,NaN,NaN,NaN,NaN,NaN,NaN,NaN,NaN,NaN
702557,NaN,NaN,NaN,NaN,NaN,NaN,NaN,NaN,NaN,NaN,NaN,NaN
702588,NaN,NaN,NaN,NaN,NaN,NaN,NaN,NaN,NaN,NaN,NaN,NaN
702619,NaN,NaN,NaN,NaN,NaN,NaN,NaN,NaN,NaN,NaN,NaN,NaN
702649,NaN,NaN,NaN,NaN,NaN,NaN,NaN,NaN,NaN,NaN,NaN,NaN
702680,NaN,NaN,NaN,NaN,NaN,NaN,NaN,NaN,NaN,NaN,NaN,NaN
702710,NaN,NaN,NaN,NaN,NaN,NaN,NaN,NaN,NaN,NaN,NaN,NaN
702741,NaN,NaN,NaN,NaN,NaN,NaN,NaN,NaN,NaN,NaN,NaN,NaN
702772,NaN,NaN,NaN,NaN,NaN,NaN,NaN,NaN,NaN,NaN,NaN,NaN
702801,NaN,NaN,NaN,NaN,NaN,NaN,NaN,NaN,NaN,NaN,NaN,NaN
702832,NaN,NaN,NaN,NaN,NaN,NaN,NaN,NaN,NaN,NaN,NaN,NaN
702862,NaN,NaN,NaN,NaN,NaN,NaN,NaN,NaN,NaN,NaN,NaN,NaN
702893,NaN,NaN,NaN,NaN,NaN,NaN,NaN,NaN,NaN,NaN,NaN,NaN
702923,NaN,NaN,NaN,NaN,NaN,NaN,NaN,NaN,NaN,NaN,NaN,NaN
702954,NaN,NaN,NaN,NaN,NaN,NaN,NaN,NaN,NaN,NaN,NaN,NaN
702985,NaN,NaN,NaN,NaN,NaN,NaN,NaN,NaN,NaN,NaN,NaN,NaN
703015,NaN,NaN,NaN,NaN,NaN,NaN,NaN,NaN,NaN,NaN,NaN,NaN
703046,NaN,NaN,NaN,NaN,NaN,NaN,NaN,NaN,NaN,NaN,NaN,NaN
703076,NaN,NaN,NaN,NaN,NaN,NaN,NaN,NaN,NaN,NaN,NaN,NaN
703107,NaN,NaN,NaN,NaN,NaN,NaN,NaN,NaN,NaN,NaN,NaN,NaN
703138,NaN,NaN,NaN,NaN,NaN,NaN,NaN,NaN,NaN,NaN,NaN,NaN
703166,NaN,NaN,NaN,NaN,NaN,NaN,NaN,NaN,NaN,NaN,NaN,NaN
703197,NaN,NaN,NaN,NaN,NaN,NaN,NaN,NaN,NaN,NaN,NaN,NaN
703227,NaN,NaN,NaN,NaN,NaN,NaN,NaN,NaN,NaN,NaN,NaN,NaN
703258,NaN,NaN,NaN,NaN,NaN,NaN,NaN,NaN,NaN,NaN,NaN,NaN
703288,NaN,NaN,NaN,NaN,NaN,NaN,NaN,NaN,NaN,NaN,NaN,NaN
703319,NaN,NaN,NaN,NaN,NaN,NaN,NaN,NaN,NaN,NaN,NaN,NaN
703350,NaN,NaN,NaN,NaN,NaN,NaN,NaN,NaN,NaN,NaN,NaN,NaN
703380,NaN,NaN,NaN,NaN,NaN,NaN,NaN,NaN,NaN,NaN,NaN,NaN
703411,NaN,NaN,NaN,NaN,NaN,NaN,NaN,NaN,NaN,NaN,NaN,NaN
703441,NaN,NaN,NaN,NaN,NaN,NaN,NaN,NaN,NaN,NaN,NaN,NaN
703472,NaN,NaN,NaN,NaN,NaN,NaN,NaN,NaN,NaN,NaN,NaN,NaN
703503,NaN,NaN,NaN,NaN,NaN,NaN,NaN,NaN,NaN,NaN,NaN,NaN
703531,NaN,NaN,NaN,NaN,NaN,NaN,NaN,NaN,NaN,NaN,NaN,NaN
703562,NaN,NaN,NaN,NaN,NaN,NaN,NaN,NaN,NaN,NaN,NaN,NaN
703592,NaN,NaN,NaN,NaN,NaN,NaN,NaN,NaN,NaN,NaN,NaN,NaN
703623,NaN,NaN,NaN,NaN,NaN,NaN,NaN,NaN,NaN,NaN,NaN,NaN
703653,NaN,NaN,NaN,NaN,NaN,NaN,NaN,NaN,NaN,NaN,NaN,NaN
703684,NaN,NaN,NaN,NaN,NaN,NaN,NaN,NaN,NaN,NaN,NaN,NaN
703715,NaN,NaN,NaN,NaN,NaN,NaN,NaN,NaN,NaN,NaN,NaN,NaN
703745,NaN,NaN,NaN,NaN,NaN,NaN,NaN,NaN,NaN,NaN,NaN,NaN
703776,NaN,NaN,NaN,NaN,NaN,NaN,NaN,NaN,NaN,NaN,NaN,NaN
703806,NaN,NaN,NaN,NaN,NaN,NaN,NaN,NaN,NaN,NaN,NaN,NaN
703837,NaN,NaN,NaN,NaN,NaN,NaN,NaN,NaN,NaN,NaN,NaN,NaN
703868,NaN,NaN,NaN,NaN,NaN,NaN,NaN,NaN,NaN,NaN,NaN,NaN
703896,NaN,NaN,NaN,NaN,NaN,NaN,NaN,NaN,NaN,NaN,NaN,NaN
703927,NaN,NaN,NaN,NaN,NaN,NaN,NaN,NaN,NaN,NaN,NaN,NaN
703957,NaN,NaN,NaN,NaN,NaN,NaN,NaN,NaN,NaN,NaN,NaN,NaN
703988,NaN,NaN,NaN,NaN,NaN,NaN,NaN,NaN,NaN,NaN,NaN,NaN
704018,NaN,NaN,NaN,NaN,NaN,NaN,NaN,NaN,NaN,NaN,NaN,NaN
704049,NaN,NaN,NaN,NaN,NaN,NaN,NaN,NaN,NaN,NaN,NaN,NaN
704080,NaN,NaN,NaN,NaN,NaN,NaN,NaN,NaN,NaN,NaN,NaN,NaN
704110,NaN,NaN,NaN,NaN,NaN,NaN,NaN,NaN,NaN,NaN,NaN,NaN
704141,NaN,NaN,NaN,NaN,NaN,NaN,NaN,NaN,NaN,NaN,NaN,NaN
704171,NaN,NaN,NaN,NaN,NaN,NaN,NaN,NaN,NaN,NaN,NaN,NaN
704202,NaN,NaN,NaN,NaN,NaN,NaN,NaN,NaN,NaN,NaN,NaN,NaN
704233,NaN,NaN,NaN,NaN,NaN,NaN,NaN,NaN,NaN,NaN,NaN,NaN
704262,NaN,NaN,NaN,NaN,NaN,NaN,NaN,NaN,NaN,NaN,NaN,NaN
704293,NaN,NaN,NaN,NaN,NaN,NaN,NaN,NaN,NaN,NaN,NaN,NaN
704323,NaN,NaN,NaN,NaN,NaN,NaN,NaN,NaN,NaN,NaN,NaN,NaN
704354,NaN,NaN,NaN,NaN,NaN,NaN,NaN,NaN,NaN,NaN,NaN,NaN
704384,NaN,NaN,NaN,NaN,NaN,NaN,NaN,NaN,NaN,NaN,NaN,NaN
704415,NaN,NaN,NaN,NaN,NaN,NaN,NaN,NaN,NaN,NaN,NaN,NaN
704446,NaN,NaN,NaN,NaN,NaN,NaN,NaN,NaN,NaN,NaN,NaN,NaN
704476,NaN,NaN,NaN,NaN,NaN,NaN,NaN,NaN,NaN,NaN,NaN,NaN
704507,NaN,NaN,NaN,NaN,NaN,NaN,NaN,NaN,NaN,NaN,NaN,NaN
704537,NaN,NaN,NaN,NaN,NaN,NaN,NaN,NaN,NaN,NaN,NaN,NaN
704568,NaN,NaN,NaN,NaN,NaN,NaN,NaN,NaN,NaN,NaN,NaN,NaN
704599,NaN,NaN,NaN,NaN,NaN,NaN,NaN,NaN,NaN,NaN,NaN,NaN
704627,NaN,NaN,NaN,NaN,NaN,NaN,NaN,NaN,NaN,NaN,NaN,NaN
704658,NaN,NaN,NaN,NaN,NaN,NaN,NaN,NaN,NaN,NaN,NaN,NaN
704688,NaN,NaN,NaN,NaN,NaN,NaN,NaN,NaN,NaN,NaN,NaN,NaN
704719,NaN,NaN,NaN,NaN,NaN,NaN,NaN,NaN,NaN,NaN,NaN,NaN
704749,NaN,NaN,NaN,NaN,NaN,NaN,NaN,NaN,NaN,NaN,NaN,NaN
704780,NaN,NaN,NaN,NaN,NaN,NaN,NaN,NaN,NaN,NaN,NaN,NaN
704811,NaN,NaN,NaN,NaN,NaN,NaN,NaN,NaN,NaN,NaN,NaN,NaN
704841,NaN,NaN,NaN,NaN,NaN,NaN,NaN,NaN,NaN,NaN,NaN,NaN
704872,NaN,NaN,NaN,NaN,NaN,NaN,NaN,NaN,NaN,NaN,NaN,NaN
704902,NaN,NaN,NaN,NaN,NaN,NaN,NaN,NaN,NaN,NaN,NaN,NaN
704933,NaN,NaN,NaN,NaN,NaN,NaN,NaN,NaN,NaN,NaN,NaN,NaN
704964,NaN,NaN,NaN,NaN,NaN,NaN,NaN,NaN,NaN,NaN,NaN,NaN
704992,NaN,NaN,NaN,NaN,NaN,NaN,NaN,NaN,NaN,NaN,NaN,NaN
705023,NaN,NaN,NaN,NaN,NaN,NaN,NaN,NaN,NaN,NaN,NaN,NaN
705053,NaN,NaN,NaN,NaN,NaN,NaN,NaN,NaN,NaN,NaN,NaN,NaN
705084,NaN,NaN,NaN,NaN,NaN,NaN,NaN,NaN,NaN,NaN,NaN,NaN
705114,NaN,NaN,NaN,NaN,NaN,NaN,NaN,NaN,NaN,NaN,NaN,NaN
705145,NaN,NaN,NaN,NaN,NaN,NaN,NaN,NaN,NaN,NaN,NaN,NaN
705176,NaN,NaN,NaN,NaN,NaN,NaN,NaN,NaN,NaN,NaN,NaN,NaN
705206,NaN,NaN,NaN,NaN,NaN,NaN,NaN,NaN,NaN,NaN,NaN,NaN
705237,NaN,NaN,NaN,NaN,NaN,NaN,NaN,NaN,NaN,NaN,NaN,NaN
705267,NaN,NaN,NaN,NaN,NaN,NaN,NaN,NaN,NaN,NaN,NaN,NaN
705298,NaN,NaN,NaN,NaN,NaN,NaN,NaN,NaN,NaN,NaN,NaN,NaN
705329,NaN,NaN,NaN,NaN,NaN,NaN,NaN,NaN,NaN,NaN,NaN,NaN
705357,NaN,NaN,NaN,NaN,NaN,NaN,NaN,NaN,NaN,NaN,NaN,NaN
705388,NaN,NaN,NaN,NaN,NaN,NaN,NaN,NaN,NaN,NaN,NaN,NaN
705418,NaN,NaN,NaN,NaN,NaN,NaN,NaN,NaN,NaN,NaN,NaN,NaN
705449,NaN,NaN,NaN,NaN,NaN,NaN,NaN,NaN,NaN,NaN,NaN,NaN
705479,NaN,NaN,NaN,NaN,NaN,NaN,NaN,NaN,NaN,NaN,NaN,NaN
705510,NaN,NaN,NaN,NaN,NaN,NaN,NaN,NaN,NaN,NaN,NaN,NaN
705541,NaN,NaN,NaN,NaN,NaN,NaN,NaN,NaN,NaN,NaN,NaN,NaN
705571,NaN,NaN,NaN,NaN,NaN,NaN,NaN,NaN,NaN,NaN,NaN,NaN
705602,NaN,NaN,NaN,NaN,NaN,NaN,NaN,NaN,NaN,NaN,NaN,NaN
705632,NaN,NaN,NaN,NaN,NaN,NaN,NaN,NaN,NaN,NaN,NaN,NaN
705663,NaN,NaN,NaN,NaN,NaN,NaN,NaN,NaN,NaN,NaN,NaN,NaN
705694,NaN,NaN,NaN,NaN,NaN,NaN,NaN,NaN,NaN,NaN,NaN,NaN
705723,NaN,NaN,NaN,NaN,NaN,NaN,NaN,NaN,NaN,NaN,NaN,NaN
705754,NaN,NaN,NaN,NaN,NaN,NaN,NaN,NaN,NaN,NaN,NaN,NaN
705784,NaN,NaN,NaN,NaN,NaN,NaN,NaN,NaN,NaN,NaN,NaN,NaN
705815,NaN,NaN,NaN,NaN,NaN,NaN,NaN,NaN,NaN,NaN,NaN,NaN
705845,NaN,NaN,NaN,NaN,NaN,NaN,NaN,NaN,NaN,NaN,NaN,NaN
705876,NaN,NaN,NaN,NaN,NaN,NaN,NaN,NaN,NaN,NaN,NaN,NaN
705907,NaN,NaN,NaN,NaN,NaN,NaN,NaN,NaN,NaN,NaN,NaN,NaN
705937,NaN,NaN,NaN,NaN,NaN,NaN,NaN,NaN,NaN,NaN,NaN,NaN
705968,NaN,NaN,NaN,NaN,NaN,NaN,NaN,NaN,NaN,NaN,NaN,NaN
705998,NaN,NaN,NaN,NaN,NaN,NaN,NaN,NaN,NaN,NaN,NaN,NaN
706029,NaN,NaN,NaN,NaN,NaN,NaN,NaN,NaN,NaN,NaN,NaN,NaN
706060,NaN,NaN,NaN,NaN,NaN,NaN,NaN,NaN,NaN,NaN,NaN,NaN
706088,NaN,NaN,NaN,NaN,NaN,NaN,NaN,NaN,NaN,NaN,NaN,NaN
706119,NaN,NaN,NaN,NaN,NaN,NaN,NaN,NaN,NaN,NaN,NaN,NaN
706149,NaN,NaN,NaN,NaN,NaN,NaN,NaN,NaN,NaN,NaN,NaN,NaN
706180,NaN,NaN,NaN,NaN,NaN,NaN,NaN,NaN,NaN,NaN,NaN,NaN
706210,NaN,NaN,NaN,NaN,NaN,NaN,NaN,NaN,NaN,NaN,NaN,NaN
706241,NaN,NaN,NaN,NaN,NaN,NaN,NaN,NaN,NaN,NaN,NaN,NaN
706272,NaN,NaN,NaN,NaN,NaN,NaN,NaN,NaN,NaN,NaN,NaN,NaN
706302,NaN,NaN,NaN,NaN,NaN,NaN,NaN,NaN,NaN,NaN,NaN,NaN
706333,NaN,NaN,NaN,NaN,NaN,NaN,NaN,NaN,NaN,NaN,NaN,NaN
706363,NaN,NaN,NaN,NaN,NaN,NaN,NaN,NaN,NaN,NaN,NaN,NaN
706394,NaN,NaN,NaN,NaN,NaN,NaN,NaN,NaN,NaN,NaN,NaN,NaN
706425,NaN,NaN,NaN,NaN,NaN,NaN,NaN,NaN,NaN,NaN,NaN,NaN
706453,NaN,NaN,NaN,NaN,NaN,NaN,NaN,NaN,NaN,NaN,NaN,NaN
706484,NaN,NaN,NaN,NaN,NaN,NaN,NaN,NaN,NaN,NaN,NaN,NaN
706514,NaN,NaN,NaN,NaN,NaN,NaN,NaN,NaN,NaN,NaN,NaN,NaN
706545,NaN,NaN,NaN,NaN,NaN,NaN,NaN,NaN,NaN,NaN,NaN,NaN
706575,NaN,NaN,NaN,NaN,NaN,NaN,NaN,NaN,NaN,NaN,NaN,NaN
706606,NaN,NaN,NaN,NaN,NaN,NaN,NaN,NaN,NaN,NaN,NaN,NaN
706637,NaN,NaN,NaN,NaN,NaN,NaN,NaN,NaN,NaN,NaN,NaN,NaN
706667,NaN,NaN,NaN,NaN,NaN,NaN,NaN,NaN,NaN,NaN,NaN,NaN
706698,NaN,NaN,NaN,NaN,NaN,NaN,NaN,NaN,NaN,NaN,NaN,NaN
706728,NaN,NaN,NaN,NaN,NaN,NaN,NaN,NaN,NaN,NaN,NaN,NaN
706759,NaN,NaN,NaN,NaN,NaN,NaN,NaN,NaN,NaN,NaN,NaN,NaN
706790,NaN,NaN,NaN,NaN,NaN,NaN,NaN,NaN,NaN,NaN,NaN,NaN
706818,NaN,NaN,NaN,NaN,NaN,NaN,NaN,NaN,NaN,NaN,NaN,NaN
706849,NaN,NaN,NaN,NaN,NaN,NaN,NaN,NaN,NaN,NaN,NaN,NaN
706879,NaN,NaN,NaN,NaN,NaN,NaN,NaN,NaN,NaN,NaN,NaN,NaN
706910,NaN,NaN,NaN,NaN,NaN,NaN,NaN,NaN,NaN,NaN,NaN,NaN
706940,NaN,NaN,NaN,NaN,NaN,NaN,NaN,NaN,NaN,NaN,NaN,NaN
706971,NaN,NaN,NaN,NaN,NaN,NaN,NaN,NaN,NaN,NaN,NaN,NaN
707002,NaN,NaN,NaN,NaN,NaN,NaN,NaN,NaN,NaN,NaN,NaN,NaN
707032,NaN,NaN,NaN,NaN,NaN,NaN,NaN,NaN,NaN,NaN,NaN,NaN
707063,NaN,NaN,NaN,NaN,NaN,NaN,NaN,NaN,NaN,NaN,NaN,NaN
707093,NaN,NaN,NaN,NaN,NaN,NaN,NaN,NaN,NaN,NaN,NaN,NaN
707124,NaN,NaN,NaN,NaN,NaN,NaN,NaN,NaN,NaN,NaN,NaN,NaN
707155,NaN,NaN,NaN,NaN,NaN,NaN,NaN,NaN,NaN,NaN,NaN,NaN
707184,NaN,NaN,NaN,NaN,NaN,NaN,NaN,NaN,NaN,NaN,NaN,NaN
707215,NaN,NaN,NaN,NaN,NaN,NaN,NaN,NaN,NaN,NaN,NaN,NaN
707245,NaN,NaN,NaN,NaN,NaN,NaN,NaN,NaN,NaN,NaN,NaN,NaN
707276,NaN,NaN,NaN,NaN,NaN,NaN,NaN,NaN,NaN,NaN,NaN,NaN
707306,NaN,NaN,NaN,NaN,NaN,NaN,NaN,NaN,NaN,NaN,NaN,NaN
707337,NaN,NaN,NaN,NaN,NaN,NaN,NaN,NaN,NaN,NaN,NaN,NaN
707368,NaN,NaN,NaN,NaN,NaN,NaN,NaN,NaN,NaN,NaN,NaN,NaN
707398,NaN,NaN,NaN,NaN,NaN,NaN,NaN,NaN,NaN,NaN,NaN,NaN
707429,NaN,NaN,NaN,NaN,NaN,NaN,NaN,NaN,NaN,NaN,NaN,NaN
707459,NaN,NaN,NaN,NaN,NaN,NaN,NaN,NaN,NaN,NaN,NaN,NaN
707490,NaN,NaN,NaN,NaN,NaN,NaN,NaN,NaN,NaN,NaN,NaN,NaN
707521,NaN,NaN,NaN,NaN,NaN,NaN,NaN,NaN,NaN,NaN,NaN,NaN
707549,NaN,NaN,NaN,NaN,NaN,NaN,NaN,NaN,NaN,NaN,NaN,NaN
707580,NaN,NaN,NaN,NaN,NaN,NaN,NaN,NaN,NaN,NaN,NaN,NaN
707610,NaN,NaN,NaN,NaN,NaN,NaN,NaN,NaN,NaN,NaN,NaN,NaN
707641,NaN,NaN,NaN,NaN,NaN,NaN,NaN,NaN,NaN,NaN,NaN,NaN
707671,NaN,NaN,NaN,NaN,NaN,NaN,NaN,NaN,NaN,NaN,NaN,NaN
707702,NaN,NaN,NaN,NaN,NaN,NaN,NaN,NaN,NaN,NaN,NaN,NaN
707733,NaN,NaN,NaN,NaN,NaN,NaN,NaN,NaN,NaN,NaN,NaN,NaN
707763,NaN,NaN,NaN,NaN,NaN,NaN,NaN,NaN,NaN,NaN,NaN,NaN
707794,NaN,NaN,NaN,NaN,NaN,NaN,NaN,NaN,NaN,NaN,NaN,NaN
707824,NaN,NaN,NaN,NaN,NaN,NaN,NaN,NaN,NaN,NaN,NaN,NaN
707855,NaN,NaN,NaN,NaN,NaN,NaN,NaN,NaN,NaN,NaN,NaN,NaN
707886,NaN,NaN,NaN,NaN,NaN,NaN,NaN,NaN,NaN,NaN,NaN,NaN
707914,NaN,NaN,NaN,NaN,NaN,NaN,NaN,NaN,NaN,NaN,NaN,NaN
707945,NaN,NaN,NaN,NaN,NaN,NaN,NaN,NaN,NaN,NaN,NaN,NaN
707975,NaN,NaN,NaN,NaN,NaN,NaN,NaN,NaN,NaN,NaN,NaN,NaN
708006,NaN,NaN,NaN,NaN,NaN,NaN,NaN,NaN,NaN,NaN,NaN,NaN
708036,NaN,NaN,NaN,NaN,NaN,NaN,NaN,NaN,NaN,NaN,NaN,NaN
708067,NaN,NaN,NaN,NaN,NaN,NaN,NaN,NaN,NaN,NaN,NaN,NaN
708098,NaN,NaN,NaN,NaN,NaN,NaN,NaN,NaN,NaN,NaN,NaN,NaN
708128,NaN,NaN,NaN,NaN,NaN,NaN,NaN,NaN,NaN,NaN,NaN,NaN
708159,NaN,NaN,NaN,NaN,NaN,NaN,NaN,NaN,NaN,NaN,NaN,NaN
708189,NaN,NaN,NaN,NaN,NaN,NaN,NaN,NaN,NaN,NaN,NaN,NaN
708220,NaN,NaN,NaN,NaN,NaN,NaN,NaN,NaN,NaN,NaN,NaN,NaN
708251,NaN,NaN,NaN,NaN,NaN,NaN,NaN,NaN,NaN,NaN,NaN,NaN
708279,NaN,NaN,NaN,NaN,NaN,NaN,NaN,NaN,NaN,NaN,NaN,NaN
708310,NaN,NaN,NaN,NaN,NaN,NaN,NaN,NaN,NaN,NaN,NaN,NaN
708340,NaN,NaN,NaN,NaN,NaN,NaN,NaN,NaN,NaN,NaN,NaN,NaN
708371,NaN,NaN,NaN,NaN,NaN,NaN,NaN,NaN,NaN,NaN,NaN,NaN
708401,NaN,NaN,NaN,NaN,NaN,NaN,NaN,NaN,NaN,NaN,NaN,NaN
708432,NaN,NaN,NaN,NaN,NaN,NaN,NaN,NaN,NaN,NaN,NaN,NaN
708463,NaN,NaN,NaN,NaN,NaN,NaN,NaN,NaN,NaN,NaN,NaN,NaN
708493,NaN,NaN,NaN,NaN,NaN,NaN,NaN,NaN,NaN,NaN,NaN,NaN
708524,NaN,NaN,NaN,NaN,NaN,NaN,NaN,NaN,NaN,NaN,NaN,NaN
708554,NaN,NaN,NaN,NaN,NaN,NaN,NaN,NaN,NaN,NaN,NaN,NaN
708585,NaN,NaN,NaN,NaN,NaN,NaN,NaN,NaN,NaN,NaN,NaN,NaN
708616,NaN,NaN,NaN,NaN,NaN,NaN,NaN,NaN,NaN,NaN,NaN,NaN
708645,NaN,NaN,NaN,NaN,NaN,NaN,NaN,NaN,NaN,NaN,NaN,NaN
708676,NaN,NaN,NaN,NaN,NaN,NaN,NaN,NaN,NaN,NaN,NaN,NaN
708706,NaN,NaN,NaN,NaN,NaN,NaN,NaN,NaN,NaN,NaN,NaN,NaN
708737,NaN,NaN,NaN,NaN,NaN,NaN,NaN,NaN,NaN,NaN,NaN,NaN
708767,NaN,NaN,NaN,NaN,NaN,NaN,NaN,NaN,NaN,NaN,NaN,NaN
708798,NaN,NaN,NaN,NaN,NaN,NaN,NaN,NaN,NaN,NaN,NaN,NaN
708829,NaN,NaN,NaN,NaN,NaN,NaN,NaN,NaN,NaN,NaN,NaN,NaN
708859,NaN,NaN,NaN,NaN,NaN,NaN,NaN,NaN,NaN,NaN,NaN,NaN
708890,NaN,NaN,NaN,NaN,NaN,NaN,NaN,NaN,NaN,NaN,NaN,NaN
708920,NaN,NaN,NaN,NaN,NaN,NaN,NaN,NaN,NaN,NaN,NaN,NaN
708951,NaN,NaN,NaN,NaN,NaN,NaN,NaN,NaN,NaN,NaN,NaN,NaN
708982,NaN,NaN,NaN,NaN,NaN,NaN,NaN,NaN,NaN,NaN,NaN,NaN
709010,NaN,NaN,NaN,NaN,NaN,NaN,NaN,NaN,NaN,NaN,NaN,NaN
709041,NaN,NaN,NaN,NaN,NaN,NaN,NaN,NaN,NaN,NaN,NaN,NaN
709071,NaN,NaN,NaN,NaN,NaN,NaN,NaN,NaN,NaN,NaN,NaN,NaN
709102,NaN,NaN,NaN,NaN,NaN,NaN,NaN,NaN,NaN,NaN,NaN,NaN
709132,NaN,NaN,NaN,NaN,NaN,NaN,NaN,NaN,NaN,NaN,NaN,NaN
709163,NaN,NaN,NaN,NaN,NaN,NaN,NaN,NaN,NaN,NaN,NaN,NaN
709194,NaN,NaN,NaN,NaN,NaN,NaN,NaN,NaN,NaN,NaN,NaN,NaN
709224,NaN,NaN,NaN,NaN,NaN,NaN,NaN,NaN,NaN,NaN,NaN,NaN
709255,NaN,NaN,NaN,NaN,NaN,NaN,NaN,NaN,NaN,NaN,NaN,NaN
709285,NaN,NaN,NaN,NaN,NaN,NaN,NaN,NaN,NaN,NaN,NaN,NaN
709316,NaN,NaN,NaN,NaN,NaN,NaN,NaN,NaN,NaN,NaN,NaN,NaN
709347,NaN,NaN,NaN,NaN,NaN,NaN,NaN,NaN,NaN,NaN,NaN,NaN
709375,NaN,NaN,NaN,NaN,NaN,NaN,NaN,NaN,NaN,NaN,NaN,NaN
709406,NaN,NaN,NaN,NaN,NaN,NaN,NaN,NaN,NaN,NaN,NaN,NaN
709436,NaN,NaN,NaN,NaN,NaN,NaN,NaN,NaN,NaN,NaN,NaN,NaN
709467,NaN,NaN,NaN,NaN,NaN,NaN,NaN,NaN,NaN,NaN,NaN,NaN
709497,NaN,NaN,NaN,NaN,NaN,NaN,NaN,NaN,NaN,NaN,NaN,NaN
709528,NaN,NaN,NaN,NaN,NaN,NaN,NaN,NaN,NaN,NaN,NaN,NaN
709559,NaN,NaN,NaN,NaN,NaN,NaN,NaN,NaN,NaN,NaN,NaN,NaN
709589,NaN,NaN,NaN,NaN,NaN,NaN,NaN,NaN,NaN,NaN,NaN,NaN
709620,NaN,NaN,NaN,NaN,NaN,NaN,NaN,NaN,NaN,NaN,NaN,NaN
709650,NaN,NaN,NaN,NaN,NaN,NaN,NaN,NaN,NaN,NaN,NaN,NaN
709681,NaN,NaN,NaN,NaN,NaN,NaN,NaN,NaN,NaN,NaN,NaN,NaN
709712,NaN,NaN,NaN,NaN,NaN,NaN,NaN,NaN,NaN,NaN,NaN,NaN
709740,NaN,NaN,NaN,NaN,NaN,NaN,NaN,NaN,NaN,NaN,NaN,NaN
709771,NaN,NaN,NaN,NaN,NaN,NaN,NaN,NaN,NaN,NaN,NaN,NaN
709801,NaN,NaN,NaN,NaN,NaN,NaN,NaN,NaN,NaN,NaN,NaN,NaN
709832,NaN,NaN,NaN,NaN,NaN,NaN,NaN,NaN,NaN,NaN,NaN,NaN
709862,NaN,NaN,NaN,NaN,NaN,NaN,NaN,NaN,NaN,NaN,NaN,NaN
709893,NaN,NaN,NaN,NaN,NaN,NaN,NaN,NaN,NaN,NaN,NaN,NaN
709924,NaN,NaN,NaN,NaN,NaN,NaN,NaN,NaN,NaN,NaN,NaN,NaN
709954,NaN,NaN,NaN,NaN,NaN,NaN,NaN,NaN,NaN,NaN,NaN,NaN
709985,NaN,NaN,NaN,NaN,NaN,NaN,NaN,NaN,NaN,NaN,NaN,NaN
710015,NaN,NaN,NaN,NaN,NaN,NaN,NaN,NaN,NaN,NaN,NaN,NaN
710046,NaN,NaN,NaN,NaN,NaN,NaN,NaN,NaN,NaN,NaN,NaN,NaN
710077,NaN,NaN,NaN,NaN,NaN,NaN,NaN,NaN,NaN,NaN,NaN,NaN
710106,NaN,NaN,NaN,NaN,NaN,NaN,NaN,NaN,NaN,NaN,NaN,NaN
710137,NaN,NaN,NaN,NaN,NaN,NaN,NaN,NaN,NaN,NaN,NaN,NaN
710167,NaN,NaN,NaN,NaN,NaN,NaN,NaN,NaN,NaN,NaN,NaN,NaN
710198,NaN,NaN,NaN,NaN,NaN,NaN,NaN,NaN,NaN,NaN,NaN,NaN
710228,NaN,NaN,NaN,NaN,NaN,NaN,NaN,NaN,NaN,NaN,NaN,NaN
710259,NaN,NaN,NaN,NaN,NaN,NaN,NaN,NaN,NaN,NaN,NaN,NaN
710290,NaN,NaN,NaN,NaN,NaN,NaN,NaN,NaN,NaN,NaN,NaN,NaN
710320,NaN,NaN,NaN,NaN,NaN,NaN,NaN,NaN,NaN,NaN,NaN,NaN
710351,NaN,NaN,NaN,NaN,NaN,NaN,NaN,NaN,NaN,NaN,NaN,NaN
710381,NaN,NaN,NaN,NaN,NaN,NaN,NaN,NaN,NaN,NaN,NaN,NaN
710412,NaN,NaN,NaN,NaN,NaN,NaN,NaN,NaN,NaN,NaN,NaN,NaN
710443,NaN,NaN,NaN,NaN,NaN,NaN,NaN,NaN,NaN,NaN,NaN,NaN
710471,NaN,NaN,NaN,NaN,NaN,NaN,NaN,NaN,NaN,NaN,NaN,NaN
710502,NaN,NaN,NaN,NaN,NaN,NaN,NaN,NaN,NaN,NaN,NaN,NaN
710532,NaN,NaN,NaN,NaN,NaN,NaN,NaN,NaN,NaN,NaN,NaN,NaN
710563,NaN,NaN,NaN,NaN,NaN,NaN,NaN,NaN,NaN,NaN,NaN,NaN
710593,NaN,NaN,NaN,NaN,NaN,NaN,NaN,NaN,NaN,NaN,NaN,NaN
710624,NaN,NaN,NaN,NaN,NaN,NaN,NaN,NaN,NaN,NaN,NaN,NaN
710655,NaN,NaN,NaN,NaN,NaN,NaN,NaN,NaN,NaN,NaN,NaN,NaN
710685,NaN,NaN,NaN,NaN,NaN,NaN,NaN,NaN,NaN,NaN,NaN,NaN
710716,NaN,NaN,NaN,NaN,NaN,NaN,NaN,NaN,NaN,NaN,NaN,NaN
710746,NaN,NaN,NaN,NaN,NaN,NaN,NaN,NaN,NaN,NaN,NaN,NaN
710777,NaN,NaN,NaN,NaN,NaN,NaN,NaN,NaN,NaN,NaN,NaN,NaN
710808,NaN,NaN,NaN,NaN,NaN,NaN,NaN,NaN,NaN,NaN,NaN,NaN
710836,NaN,NaN,NaN,NaN,NaN,NaN,NaN,NaN,NaN,NaN,NaN,NaN
710867,NaN,NaN,NaN,NaN,NaN,NaN,NaN,NaN,NaN,NaN,NaN,NaN
710897,NaN,NaN,NaN,NaN,NaN,NaN,NaN,NaN,NaN,NaN,NaN,NaN
710928,NaN,NaN,NaN,NaN,NaN,NaN,NaN,NaN,NaN,NaN,NaN,NaN
710958,NaN,NaN,NaN,NaN,NaN,NaN,NaN,NaN,NaN,NaN,NaN,NaN
710989,NaN,NaN,NaN,NaN,NaN,NaN,NaN,NaN,NaN,NaN,NaN,NaN
711020,NaN,NaN,NaN,NaN,NaN,NaN,NaN,NaN,NaN,NaN,NaN,NaN
711050,NaN,NaN,NaN,NaN,NaN,NaN,NaN,NaN,NaN,NaN,NaN,NaN
711081,NaN,NaN,NaN,NaN,NaN,NaN,NaN,NaN,NaN,NaN,NaN,NaN
711111,NaN,NaN,NaN,NaN,NaN,NaN,NaN,NaN,NaN,NaN,NaN,NaN
711142,NaN,NaN,NaN,NaN,NaN,NaN,NaN,NaN,NaN,NaN,NaN,NaN
711173,NaN,NaN,NaN,NaN,NaN,NaN,NaN,NaN,NaN,NaN,NaN,NaN
711201,NaN,NaN,NaN,NaN,NaN,NaN,NaN,NaN,NaN,NaN,NaN,NaN
711232,NaN,NaN,NaN,NaN,NaN,NaN,NaN,NaN,NaN,NaN,NaN,NaN
711262,NaN,NaN,NaN,NaN,NaN,NaN,NaN,NaN,NaN,NaN,NaN,NaN
711293,NaN,NaN,NaN,NaN,NaN,NaN,NaN,NaN,NaN,NaN,NaN,NaN
711323,NaN,NaN,NaN,NaN,NaN,NaN,NaN,NaN,NaN,NaN,NaN,NaN
711354,NaN,NaN,NaN,NaN,NaN,NaN,NaN,NaN,NaN,NaN,NaN,NaN
711385,NaN,NaN,NaN,NaN,NaN,NaN,NaN,NaN,NaN,NaN,NaN,NaN
711415,NaN,NaN,NaN,NaN,NaN,NaN,NaN,NaN,NaN,NaN,NaN,NaN
711446,NaN,NaN,NaN,NaN,NaN,NaN,NaN,NaN,NaN,NaN,NaN,NaN
711476,NaN,NaN,NaN,NaN,NaN,NaN,NaN,NaN,NaN,NaN,NaN,NaN
711507,NaN,NaN,NaN,NaN,NaN,NaN,NaN,NaN,NaN,NaN,NaN,NaN
711538,NaN,NaN,NaN,NaN,NaN,NaN,NaN,NaN,NaN,NaN,NaN,NaN
711567,NaN,NaN,NaN,NaN,NaN,NaN,NaN,NaN,NaN,NaN,NaN,NaN
711598,NaN,NaN,NaN,NaN,NaN,NaN,NaN,NaN,NaN,NaN,NaN,NaN
711628,NaN,NaN,NaN,NaN,NaN,NaN,NaN,NaN,NaN,NaN,NaN,NaN
711659,NaN,NaN,NaN,NaN,NaN,NaN,NaN,NaN,NaN,NaN,NaN,NaN
711689,NaN,NaN,NaN,NaN,NaN,NaN,NaN,NaN,NaN,NaN,NaN,NaN
711720,NaN,NaN,NaN,NaN,NaN,NaN,NaN,NaN,NaN,NaN,NaN,NaN
711751,NaN,NaN,NaN,NaN,NaN,NaN,NaN,NaN,NaN,NaN,NaN,NaN
711781,NaN,NaN,NaN,NaN,NaN,NaN,NaN,NaN,NaN,NaN,NaN,NaN
711812,NaN,NaN,NaN,NaN,NaN,NaN,NaN,NaN,NaN,NaN,NaN,NaN
711842,NaN,NaN,NaN,NaN,NaN,NaN,NaN,NaN,NaN,NaN,NaN,NaN
711873,NaN,NaN,NaN,NaN,NaN,NaN,NaN,NaN,NaN,NaN,NaN,NaN
711904,NaN,NaN,NaN,NaN,NaN,NaN,NaN,NaN,NaN,NaN,NaN,NaN
711932,NaN,NaN,NaN,NaN,NaN,NaN,NaN,NaN,NaN,NaN,NaN,NaN
711963,NaN,NaN,NaN,NaN,NaN,NaN,NaN,NaN,NaN,NaN,NaN,NaN
711993,NaN,NaN,NaN,NaN,NaN,NaN,NaN,NaN,NaN,NaN,NaN,NaN
712024,NaN,NaN,NaN,NaN,NaN,NaN,NaN,NaN,NaN,NaN,NaN,NaN
712054,NaN,NaN,NaN,NaN,NaN,NaN,NaN,NaN,NaN,NaN,NaN,NaN
712085,NaN,NaN,NaN,NaN,NaN,NaN,NaN,NaN,NaN,NaN,NaN,NaN
712116,NaN,NaN,NaN,NaN,NaN,NaN,NaN,NaN,NaN,NaN,NaN,NaN
712146,NaN,NaN,NaN,NaN,NaN,NaN,NaN,NaN,NaN,NaN,NaN,NaN
712177,NaN,NaN,NaN,NaN,NaN,NaN,NaN,NaN,NaN,NaN,NaN,NaN
712207,NaN,NaN,NaN,NaN,NaN,NaN,NaN,NaN,NaN,NaN,NaN,NaN
712238,NaN,NaN,NaN,NaN,NaN,NaN,NaN,NaN,NaN,NaN,NaN,NaN
712269,NaN,NaN,NaN,NaN,NaN,NaN,NaN,NaN,NaN,NaN,NaN,NaN
712297,NaN,NaN,NaN,NaN,NaN,NaN,NaN,NaN,NaN,NaN,NaN,NaN
712328,NaN,NaN,NaN,NaN,NaN,NaN,NaN,NaN,NaN,NaN,NaN,NaN
712358,NaN,NaN,NaN,NaN,NaN,NaN,NaN,NaN,NaN,NaN,NaN,NaN
712389,NaN,NaN,NaN,NaN,NaN,NaN,NaN,NaN,NaN,NaN,NaN,NaN
712419,NaN,NaN,NaN,NaN,NaN,NaN,NaN,NaN,NaN,NaN,NaN,NaN
712450,NaN,NaN,NaN,NaN,NaN,NaN,NaN,NaN,NaN,NaN,NaN,NaN
712481,NaN,NaN,NaN,NaN,NaN,NaN,NaN,NaN,NaN,NaN,NaN,NaN
712511,NaN,NaN,NaN,NaN,NaN,NaN,NaN,NaN,NaN,NaN,NaN,NaN
712542,NaN,NaN,NaN,NaN,NaN,NaN,NaN,NaN,NaN,NaN,NaN,NaN
712572,NaN,NaN,NaN,NaN,NaN,NaN,NaN,NaN,NaN,NaN,NaN,NaN
712603,NaN,NaN,NaN,NaN,NaN,NaN,NaN,NaN,NaN,NaN,NaN,NaN
712634,NaN,NaN,NaN,NaN,NaN,NaN,NaN,NaN,NaN,NaN,NaN,NaN
712662,NaN,NaN,NaN,NaN,NaN,NaN,NaN,NaN,NaN,NaN,NaN,NaN
712693,NaN,NaN,NaN,NaN,NaN,NaN,NaN,NaN,NaN,NaN,NaN,NaN
712723,NaN,NaN,NaN,NaN,NaN,NaN,NaN,NaN,NaN,NaN,NaN,NaN
712754,NaN,NaN,NaN,NaN,NaN,NaN,NaN,NaN,NaN,NaN,NaN,NaN
712784,NaN,NaN,NaN,NaN,NaN,NaN,NaN,NaN,NaN,NaN,NaN,NaN
712815,NaN,NaN,NaN,NaN,NaN,NaN,NaN,NaN,NaN,NaN,NaN,NaN
712846,NaN,NaN,NaN,NaN,NaN,NaN,NaN,NaN,NaN,NaN,NaN,NaN
712876,NaN,NaN,NaN,NaN,NaN,NaN,NaN,NaN,NaN,NaN,NaN,NaN
712907,NaN,NaN,NaN,NaN,NaN,NaN,NaN,NaN,NaN,NaN,NaN,NaN
712937,NaN,NaN,NaN,NaN,NaN,NaN,NaN,NaN,NaN,NaN,NaN,NaN
712968,NaN,NaN,NaN,NaN,NaN,NaN,NaN,NaN,NaN,NaN,NaN,NaN
712999,NaN,NaN,NaN,NaN,NaN,NaN,NaN,NaN,NaN,NaN,NaN,NaN
713028,NaN,NaN,NaN,NaN,NaN,NaN,NaN,NaN,NaN,NaN,NaN,NaN
713059,NaN,NaN,NaN,NaN,NaN,NaN,NaN,NaN,NaN,NaN,NaN,NaN
713089,NaN,NaN,NaN,NaN,NaN,NaN,NaN,NaN,NaN,NaN,NaN,NaN
713120,NaN,NaN,NaN,NaN,NaN,NaN,NaN,NaN,NaN,NaN,NaN,NaN
713150,NaN,NaN,NaN,NaN,NaN,NaN,NaN,NaN,NaN,NaN,NaN,NaN
713181,NaN,NaN,NaN,NaN,NaN,NaN,NaN,NaN,NaN,NaN,NaN,NaN
713212,NaN,NaN,NaN,NaN,NaN,NaN,NaN,NaN,NaN,NaN,NaN,NaN
713242,NaN,NaN,NaN,NaN,NaN,NaN,NaN,NaN,NaN,NaN,NaN,NaN
713273,NaN,NaN,NaN,NaN,NaN,NaN,NaN,NaN,NaN,NaN,NaN,NaN
713303,NaN,NaN,NaN,NaN,NaN,NaN,NaN,NaN,NaN,NaN,NaN,NaN
713334,NaN,NaN,NaN,NaN,NaN,NaN,NaN,NaN,NaN,NaN,NaN,NaN
713365,NaN,NaN,NaN,NaN,NaN,NaN,NaN,NaN,NaN,NaN,NaN,NaN
713393,NaN,NaN,NaN,NaN,NaN,NaN,NaN,NaN,NaN,NaN,NaN,NaN
713424,NaN,NaN,NaN,NaN,NaN,NaN,NaN,NaN,NaN,NaN,NaN,NaN
713454,NaN,NaN,NaN,NaN,NaN,NaN,NaN,NaN,NaN,NaN,NaN,NaN
713485,NaN,NaN,NaN,NaN,NaN,NaN,NaN,NaN,NaN,NaN,NaN,NaN
713515,NaN,NaN,NaN,NaN,NaN,NaN,NaN,NaN,NaN,NaN,NaN,NaN
713546,NaN,NaN,NaN,NaN,NaN,NaN,NaN,NaN,NaN,NaN,NaN,NaN
713577,NaN,NaN,NaN,NaN,NaN,NaN,NaN,NaN,NaN,NaN,NaN,NaN
713607,NaN,NaN,NaN,NaN,NaN,NaN,NaN,NaN,NaN,NaN,NaN,NaN
713638,NaN,NaN,NaN,NaN,NaN,NaN,NaN,NaN,NaN,NaN,NaN,NaN
713668,NaN,NaN,NaN,NaN,NaN,NaN,NaN,NaN,NaN,NaN,NaN,NaN
713699,NaN,NaN,NaN,NaN,NaN,NaN,NaN,NaN,NaN,NaN,NaN,NaN
713730,NaN,NaN,NaN,NaN,NaN,NaN,NaN,NaN,NaN,NaN,NaN,NaN
713758,NaN,NaN,NaN,NaN,NaN,NaN,NaN,NaN,NaN,NaN,NaN,NaN
713789,NaN,NaN,NaN,NaN,NaN,NaN,NaN,NaN,NaN,NaN,NaN,NaN
713819,NaN,NaN,NaN,NaN,NaN,NaN,NaN,NaN,NaN,NaN,NaN,NaN
713850,NaN,NaN,NaN,NaN,NaN,NaN,NaN,NaN,NaN,NaN,NaN,NaN
713880,NaN,NaN,NaN,NaN,NaN,NaN,NaN,NaN,NaN,NaN,NaN,NaN
713911,NaN,NaN,NaN,NaN,NaN,NaN,NaN,NaN,NaN,NaN,NaN,NaN
713942,NaN,NaN,NaN,NaN,NaN,NaN,NaN,NaN,NaN,NaN,NaN,NaN
713972,NaN,NaN,NaN,NaN,NaN,NaN,NaN,NaN,NaN,NaN,NaN,NaN
714003,NaN,NaN,NaN,NaN,NaN,NaN,NaN,NaN,NaN,NaN,NaN,NaN
714033,NaN,NaN,NaN,NaN,NaN,NaN,NaN,NaN,NaN,NaN,NaN,NaN
714064,NaN,NaN,NaN,NaN,NaN,NaN,NaN,NaN,NaN,NaN,NaN,NaN
714095,NaN,NaN,NaN,NaN,NaN,NaN,NaN,NaN,NaN,NaN,NaN,NaN
714123,NaN,NaN,NaN,NaN,NaN,NaN,NaN,NaN,NaN,NaN,NaN,NaN
714154,NaN,NaN,NaN,NaN,NaN,NaN,NaN,NaN,NaN,NaN,NaN,NaN
714184,NaN,NaN,NaN,NaN,NaN,NaN,NaN,NaN,NaN,NaN,NaN,NaN
714215,NaN,NaN,NaN,NaN,NaN,NaN,NaN,NaN,NaN,NaN,NaN,NaN
714245,NaN,NaN,NaN,NaN,NaN,NaN,NaN,NaN,NaN,NaN,NaN,NaN
714276,NaN,NaN,NaN,NaN,NaN,NaN,NaN,NaN,NaN,NaN,NaN,NaN
714307,NaN,NaN,NaN,NaN,NaN,NaN,NaN,NaN,NaN,NaN,NaN,NaN
714337,NaN,NaN,NaN,NaN,NaN,NaN,NaN,NaN,NaN,NaN,NaN,NaN
714368,NaN,NaN,NaN,NaN,NaN,NaN,NaN,NaN,NaN,NaN,NaN,NaN
714398,NaN,NaN,NaN,NaN,NaN,NaN,NaN,NaN,NaN,NaN,NaN,NaN
714429,NaN,NaN,NaN,NaN,NaN,NaN,NaN,NaN,NaN,NaN,NaN,NaN
714460,NaN,NaN,NaN,NaN,NaN,NaN,NaN,NaN,NaN,NaN,NaN,NaN
714489,NaN,NaN,NaN,NaN,NaN,NaN,NaN,NaN,NaN,NaN,NaN,NaN
714520,NaN,NaN,NaN,NaN,NaN,NaN,NaN,NaN,NaN,NaN,NaN,NaN
714550,NaN,NaN,NaN,NaN,NaN,NaN,NaN,NaN,NaN,NaN,NaN,NaN
714581,NaN,NaN,NaN,NaN,NaN,NaN,NaN,NaN,NaN,NaN,NaN,NaN
714611,NaN,NaN,NaN,NaN,NaN,NaN,NaN,NaN,NaN,NaN,NaN,NaN
714642,NaN,NaN,NaN,NaN,NaN,NaN,NaN,NaN,NaN,NaN,NaN,NaN
714673,NaN,NaN,NaN,NaN,NaN,NaN,NaN,NaN,NaN,NaN,NaN,NaN
714703,NaN,NaN,NaN,NaN,NaN,NaN,NaN,NaN,NaN,NaN,NaN,NaN
714734,NaN,NaN,NaN,NaN,NaN,NaN,NaN,NaN,NaN,NaN,NaN,NaN
714764,NaN,NaN,NaN,NaN,NaN,NaN,NaN,NaN,NaN,NaN,NaN,NaN
714795,NaN,NaN,NaN,NaN,NaN,NaN,NaN,NaN,NaN,NaN,NaN,NaN
714826,NaN,NaN,NaN,NaN,NaN,NaN,NaN,NaN,NaN,NaN,NaN,NaN
714854,NaN,NaN,NaN,NaN,NaN,NaN,NaN,NaN,NaN,NaN,NaN,NaN
714885,NaN,NaN,NaN,NaN,NaN,NaN,NaN,NaN,NaN,NaN,NaN,NaN
714915,NaN,NaN,NaN,NaN,NaN,NaN,NaN,NaN,NaN,NaN,NaN,NaN
714946,NaN,NaN,NaN,NaN,NaN,NaN,NaN,NaN,NaN,NaN,NaN,NaN
714976,NaN,NaN,NaN,NaN,NaN,NaN,NaN,NaN,NaN,NaN,NaN,NaN
715007,NaN,NaN,NaN,NaN,NaN,NaN,NaN,NaN,NaN,NaN,NaN,NaN
715038,NaN,NaN,NaN,NaN,NaN,NaN,NaN,NaN,NaN,NaN,NaN,NaN
715068,NaN,NaN,NaN,NaN,NaN,NaN,NaN,NaN,NaN,NaN,NaN,NaN
715099,NaN,NaN,NaN,NaN,NaN,NaN,NaN,NaN,NaN,NaN,NaN,NaN
715129,NaN,NaN,NaN,NaN,NaN,NaN,NaN,NaN,NaN,NaN,NaN,NaN
715160,NaN,NaN,NaN,NaN,NaN,NaN,NaN,NaN,NaN,NaN,NaN,NaN
715191,NaN,NaN,NaN,NaN,NaN,NaN,NaN,NaN,NaN,NaN,NaN,NaN
715219,NaN,NaN,NaN,NaN,NaN,NaN,NaN,NaN,NaN,NaN,NaN,NaN
715250,NaN,NaN,NaN,NaN,NaN,NaN,NaN,NaN,NaN,NaN,NaN,NaN
715280,NaN,NaN,NaN,NaN,NaN,NaN,NaN,NaN,NaN,NaN,NaN,NaN
715311,NaN,NaN,NaN,NaN,NaN,NaN,NaN,NaN,NaN,NaN,NaN,NaN
715341,NaN,NaN,NaN,NaN,NaN,NaN,NaN,NaN,NaN,NaN,NaN,NaN
715372,NaN,NaN,NaN,NaN,NaN,NaN,NaN,NaN,NaN,NaN,NaN,NaN
715403,NaN,NaN,NaN,NaN,NaN,NaN,NaN,NaN,NaN,NaN,NaN,NaN
715433,NaN,NaN,NaN,NaN,NaN,NaN,NaN,NaN,NaN,NaN,NaN,NaN
715464,NaN,NaN,NaN,NaN,NaN,NaN,NaN,NaN,NaN,NaN,NaN,NaN
715494,NaN,NaN,NaN,NaN,NaN,NaN,NaN,NaN,NaN,NaN,NaN,NaN
715525,NaN,NaN,NaN,NaN,NaN,NaN,NaN,NaN,NaN,NaN,NaN,NaN
715556,NaN,NaN,NaN,NaN,NaN,NaN,NaN,NaN,NaN,NaN,NaN,NaN
715584,NaN,NaN,NaN,NaN,NaN,NaN,NaN,NaN,NaN,NaN,NaN,NaN
715615,NaN,NaN,NaN,NaN,NaN,NaN,NaN,NaN,NaN,NaN,NaN,NaN
715645,NaN,NaN,NaN,NaN,NaN,NaN,NaN,NaN,NaN,NaN,NaN,NaN
715676,NaN,NaN,NaN,NaN,NaN,NaN,NaN,NaN,NaN,NaN,NaN,NaN
715706,NaN,NaN,NaN,NaN,NaN,NaN,NaN,NaN,NaN,NaN,NaN,NaN
715737,NaN,NaN,NaN,NaN,NaN,NaN,NaN,NaN,NaN,NaN,NaN,NaN
715768,NaN,NaN,NaN,NaN,NaN,NaN,NaN,NaN,NaN,NaN,NaN,NaN
715798,NaN,NaN,NaN,NaN,NaN,NaN,NaN,NaN,NaN,NaN,NaN,NaN
715829,NaN,NaN,NaN,NaN,NaN,NaN,NaN,NaN,NaN,NaN,NaN,NaN
715859,NaN,NaN,NaN,NaN,NaN,NaN,NaN,NaN,NaN,NaN,NaN,NaN
715890,NaN,NaN,NaN,NaN,NaN,NaN,NaN,NaN,NaN,NaN,NaN,NaN
715921,NaN,NaN,NaN,NaN,NaN,NaN,NaN,NaN,NaN,NaN,NaN,NaN
715950,NaN,NaN,NaN,NaN,NaN,NaN,NaN,NaN,NaN,NaN,NaN,NaN
715981,NaN,NaN,NaN,NaN,NaN,NaN,NaN,NaN,NaN,NaN,NaN,NaN
716011,NaN,NaN,NaN,NaN,NaN,NaN,NaN,NaN,NaN,NaN,NaN,NaN
716042,NaN,NaN,NaN,NaN,NaN,NaN,NaN,NaN,NaN,NaN,NaN,NaN
716072,NaN,NaN,NaN,NaN,NaN,NaN,NaN,NaN,NaN,NaN,NaN,NaN
716103,NaN,NaN,NaN,NaN,NaN,NaN,NaN,NaN,NaN,NaN,NaN,NaN
716134,NaN,NaN,NaN,NaN,NaN,NaN,NaN,NaN,NaN,NaN,NaN,NaN
716164,NaN,NaN,NaN,NaN,NaN,NaN,NaN,NaN,NaN,NaN,NaN,NaN
716195,NaN,NaN,NaN,NaN,NaN,NaN,NaN,NaN,NaN,NaN,NaN,NaN
716225,NaN,NaN,NaN,NaN,NaN,NaN,NaN,NaN,NaN,NaN,NaN,NaN
716256,NaN,NaN,NaN,NaN,NaN,NaN,NaN,NaN,NaN,NaN,NaN,NaN
716287,NaN,NaN,NaN,NaN,NaN,NaN,NaN,NaN,NaN,NaN,NaN,NaN
716315,NaN,NaN,NaN,NaN,NaN,NaN,NaN,NaN,NaN,NaN,NaN,NaN
716346,NaN,NaN,NaN,NaN,NaN,NaN,NaN,NaN,NaN,NaN,NaN,NaN
716376,NaN,NaN,NaN,NaN,NaN,NaN,NaN,NaN,NaN,NaN,NaN,NaN
716407,NaN,NaN,NaN,NaN,NaN,NaN,NaN,NaN,NaN,NaN,NaN,NaN
716437,NaN,NaN,NaN,NaN,NaN,NaN,NaN,NaN,NaN,NaN,NaN,NaN
716468,NaN,NaN,NaN,NaN,NaN,NaN,NaN,NaN,NaN,NaN,NaN,NaN
716499,NaN,NaN,NaN,NaN,NaN,NaN,NaN,NaN,NaN,NaN,NaN,NaN
716529,NaN,NaN,NaN,NaN,NaN,NaN,NaN,NaN,NaN,NaN,NaN,NaN
716560,NaN,NaN,NaN,NaN,NaN,NaN,NaN,NaN,NaN,NaN,NaN,NaN
716590,NaN,NaN,NaN,NaN,NaN,NaN,NaN,NaN,NaN,NaN,NaN,NaN
716621,NaN,NaN,NaN,NaN,NaN,NaN,NaN,NaN,NaN,NaN,NaN,NaN
716652,NaN,NaN,NaN,NaN,NaN,NaN,NaN,NaN,NaN,NaN,NaN,NaN
716680,NaN,NaN,NaN,NaN,NaN,NaN,NaN,NaN,NaN,NaN,NaN,NaN
716711,NaN,NaN,NaN,NaN,NaN,NaN,NaN,NaN,NaN,NaN,NaN,NaN
716741,NaN,NaN,NaN,NaN,NaN,NaN,NaN,NaN,NaN,NaN,NaN,NaN
716772,NaN,NaN,NaN,NaN,NaN,NaN,NaN,NaN,NaN,NaN,NaN,NaN
716802,NaN,NaN,NaN,NaN,NaN,NaN,NaN,NaN,NaN,NaN,NaN,NaN
716833,NaN,NaN,NaN,NaN,NaN,NaN,NaN,NaN,NaN,NaN,NaN,NaN
716864,NaN,NaN,NaN,NaN,NaN,NaN,NaN,NaN,NaN,NaN,NaN,NaN
716894,NaN,NaN,NaN,NaN,NaN,NaN,NaN,NaN,NaN,NaN,NaN,NaN
716925,NaN,NaN,NaN,NaN,NaN,NaN,NaN,NaN,NaN,NaN,NaN,NaN
716955,NaN,NaN,NaN,NaN,NaN,NaN,NaN,NaN,NaN,NaN,NaN,NaN
716986,NaN,NaN,NaN,NaN,NaN,NaN,NaN,NaN,NaN,NaN,NaN,NaN
717017,NaN,NaN,NaN,NaN,NaN,NaN,NaN,NaN,NaN,NaN,NaN,NaN
717045,NaN,NaN,NaN,NaN,NaN,NaN,NaN,NaN,NaN,NaN,NaN,NaN
717076,NaN,NaN,NaN,NaN,NaN,NaN,NaN,NaN,NaN,NaN,NaN,NaN
717106,NaN,NaN,NaN,NaN,NaN,NaN,NaN,NaN,NaN,NaN,NaN,NaN
717137,NaN,NaN,NaN,NaN,NaN,NaN,NaN,NaN,NaN,NaN,NaN,NaN
717167,NaN,NaN,NaN,NaN,NaN,NaN,NaN,NaN,NaN,NaN,NaN,NaN
717198,NaN,NaN,NaN,NaN,NaN,NaN,NaN,NaN,NaN,NaN,NaN,NaN
717229,NaN,NaN,NaN,NaN,NaN,NaN,NaN,NaN,NaN,NaN,NaN,NaN
717259,NaN,NaN,NaN,NaN,NaN,NaN,NaN,NaN,NaN,NaN,NaN,NaN
717290,NaN,NaN,NaN,NaN,NaN,NaN,NaN,NaN,NaN,NaN,NaN,NaN
717320,NaN,NaN,NaN,NaN,NaN,NaN,NaN,NaN,NaN,NaN,NaN,NaN
717351,NaN,NaN,NaN,NaN,NaN,NaN,NaN,NaN,NaN,NaN,NaN,NaN
717382,NaN,NaN,NaN,NaN,NaN,NaN,NaN,NaN,NaN,NaN,NaN,NaN
717411,NaN,NaN,NaN,NaN,NaN,NaN,NaN,NaN,NaN,NaN,NaN,NaN
717442,NaN,NaN,NaN,NaN,NaN,NaN,NaN,NaN,NaN,NaN,NaN,NaN
717472,NaN,NaN,NaN,NaN,NaN,NaN,NaN,NaN,NaN,NaN,NaN,NaN
717503,NaN,NaN,NaN,NaN,NaN,NaN,NaN,NaN,NaN,NaN,NaN,NaN
717533,NaN,NaN,NaN,NaN,NaN,NaN,NaN,NaN,NaN,NaN,NaN,NaN
717564,NaN,NaN,NaN,NaN,NaN,NaN,NaN,NaN,NaN,NaN,NaN,NaN
717595,NaN,NaN,NaN,NaN,NaN,NaN,NaN,NaN,NaN,NaN,NaN,NaN
717625,NaN,NaN,NaN,NaN,NaN,NaN,NaN,NaN,NaN,NaN,NaN,NaN
717656,NaN,NaN,NaN,NaN,NaN,NaN,NaN,NaN,NaN,NaN,NaN,NaN
717686,NaN,NaN,NaN,NaN,NaN,NaN,NaN,NaN,NaN,NaN,NaN,NaN
717717,NaN,NaN,NaN,NaN,NaN,NaN,NaN,NaN,NaN,NaN,NaN,NaN
717748,NaN,NaN,NaN,NaN,NaN,NaN,NaN,NaN,NaN,NaN,NaN,NaN
717776,NaN,NaN,NaN,NaN,NaN,NaN,NaN,NaN,NaN,NaN,NaN,NaN
717807,NaN,NaN,NaN,NaN,NaN,NaN,NaN,NaN,NaN,NaN,NaN,NaN
717837,NaN,NaN,NaN,NaN,NaN,NaN,NaN,NaN,NaN,NaN,NaN,NaN
717868,NaN,NaN,NaN,NaN,NaN,NaN,NaN,NaN,NaN,NaN,NaN,NaN
717898,NaN,NaN,NaN,NaN,NaN,NaN,NaN,NaN,NaN,NaN,NaN,NaN
717929,NaN,NaN,NaN,NaN,NaN,NaN,NaN,NaN,NaN,NaN,NaN,NaN
717960,NaN,NaN,NaN,NaN,NaN,NaN,NaN,NaN,NaN,NaN,NaN,NaN
717990,NaN,NaN,NaN,NaN,NaN,NaN,NaN,NaN,NaN,NaN,NaN,NaN
718021,NaN,NaN,NaN,NaN,NaN,NaN,NaN,NaN,NaN,NaN,NaN,NaN
718051,NaN,NaN,NaN,NaN,NaN,NaN,NaN,NaN,NaN,NaN,NaN,NaN
718082,NaN,NaN,NaN,NaN,NaN,NaN,NaN,NaN,NaN,NaN,NaN,NaN
718113,NaN,NaN,NaN,NaN,NaN,NaN,NaN,NaN,NaN,NaN,NaN,NaN
718141,NaN,NaN,NaN,NaN,NaN,NaN,NaN,NaN,NaN,NaN,NaN,NaN
718172,NaN,NaN,NaN,NaN,NaN,NaN,NaN,NaN,NaN,NaN,NaN,NaN
718202,NaN,NaN,NaN,NaN,NaN,NaN,NaN,NaN,NaN,NaN,NaN,NaN
718233,NaN,NaN,NaN,NaN,NaN,NaN,NaN,NaN,NaN,NaN,NaN,NaN
718263,NaN,NaN,NaN,NaN,NaN,NaN,NaN,NaN,NaN,NaN,NaN,NaN
718294,NaN,NaN,NaN,NaN,NaN,NaN,NaN,NaN,NaN,NaN,NaN,NaN
718325,NaN,NaN,NaN,NaN,NaN,NaN,NaN,NaN,NaN,NaN,NaN,NaN
718355,NaN,NaN,NaN,NaN,NaN,NaN,NaN,NaN,NaN,NaN,NaN,NaN
718386,NaN,NaN,NaN,NaN,NaN,NaN,NaN,NaN,NaN,NaN,NaN,NaN
718416,NaN,NaN,NaN,NaN,NaN,NaN,NaN,NaN,NaN,NaN,NaN,NaN
718447,NaN,NaN,NaN,NaN,NaN,NaN,NaN,NaN,NaN,NaN,NaN,NaN
718478,NaN,NaN,NaN,NaN,NaN,NaN,NaN,NaN,NaN,NaN,NaN,NaN
718506,NaN,NaN,NaN,NaN,NaN,NaN,NaN,NaN,NaN,NaN,NaN,NaN
718537,NaN,NaN,NaN,NaN,NaN,NaN,NaN,NaN,NaN,NaN,NaN,NaN
718567,NaN,NaN,NaN,NaN,NaN,NaN,NaN,NaN,NaN,NaN,NaN,NaN
718598,NaN,NaN,NaN,NaN,NaN,NaN,NaN,NaN,NaN,NaN,NaN,NaN
718628,NaN,NaN,NaN,NaN,NaN,NaN,NaN,NaN,NaN,NaN,NaN,NaN
718659,NaN,NaN,NaN,NaN,NaN,NaN,NaN,NaN,NaN,NaN,NaN,NaN
718690,NaN,NaN,NaN,NaN,NaN,NaN,NaN,NaN,NaN,NaN,NaN,NaN
718720,NaN,NaN,NaN,NaN,NaN,NaN,NaN,NaN,NaN,NaN,NaN,NaN
718751,NaN,NaN,NaN,NaN,NaN,NaN,NaN,NaN,NaN,NaN,NaN,NaN
718781,NaN,NaN,NaN,NaN,NaN,NaN,NaN,NaN,NaN,NaN,NaN,NaN
718812,NaN,NaN,NaN,NaN,NaN,NaN,NaN,NaN,NaN,NaN,NaN,NaN
718843,NaN,NaN,NaN,NaN,NaN,NaN,NaN,NaN,NaN,NaN,NaN,NaN
718872,NaN,NaN,NaN,NaN,NaN,NaN,NaN,NaN,NaN,NaN,NaN,NaN
718903,NaN,NaN,NaN,NaN,NaN,NaN,NaN,NaN,NaN,NaN,NaN,NaN
718933,NaN,NaN,NaN,NaN,NaN,NaN,NaN,NaN,NaN,NaN,NaN,NaN
718964,NaN,NaN,NaN,NaN,NaN,NaN,NaN,NaN,NaN,NaN,NaN,NaN
718994,NaN,NaN,NaN,NaN,NaN,NaN,NaN,NaN,NaN,NaN,NaN,NaN
719025,NaN,NaN,NaN,NaN,NaN,NaN,NaN,NaN,NaN,NaN,NaN,NaN
719056,NaN,NaN,NaN,NaN,NaN,NaN,NaN,NaN,NaN,NaN,NaN,NaN
719086,NaN,NaN,NaN,NaN,NaN,NaN,NaN,NaN,NaN,NaN,NaN,NaN
719117,NaN,NaN,NaN,NaN,NaN,NaN,NaN,NaN,NaN,NaN,NaN,NaN
719147,NaN,NaN,NaN,NaN,NaN,NaN,NaN,NaN,NaN,NaN,NaN,NaN
719178,NaN,NaN,NaN,NaN,NaN,NaN,NaN,NaN,NaN,NaN,NaN,NaN
719209,NaN,NaN,NaN,NaN,NaN,NaN,NaN,NaN,NaN,NaN,NaN,NaN
719237,NaN,NaN,NaN,NaN,NaN,NaN,NaN,NaN,NaN,NaN,NaN,NaN
719268,NaN,NaN,NaN,NaN,NaN,NaN,NaN,NaN,NaN,NaN,NaN,NaN
719298,NaN,NaN,NaN,NaN,NaN,NaN,NaN,NaN,NaN,NaN,NaN,NaN
719329,NaN,NaN,NaN,NaN,NaN,NaN,NaN,NaN,NaN,NaN,NaN,NaN
719359,NaN,NaN,NaN,NaN,NaN,NaN,NaN,NaN,NaN,NaN,NaN,NaN
719390,NaN,NaN,NaN,NaN,NaN,NaN,NaN,NaN,NaN,NaN,NaN,NaN
719421,NaN,NaN,NaN,NaN,NaN,NaN,NaN,NaN,NaN,NaN,NaN,NaN
719451,NaN,NaN,NaN,NaN,NaN,NaN,NaN,NaN,NaN,NaN,NaN,NaN
719482,NaN,NaN,NaN,NaN,NaN,NaN,NaN,NaN,NaN,NaN,NaN,NaN
719512,NaN,NaN,NaN,NaN,NaN,NaN,NaN,NaN,NaN,NaN,NaN,NaN
719543,0.0131,0.0166,0.0146,0.0223,0.0298,0.0156,0.0224,0.0056,0.0166,0.0015,0.014,0.0225
719574,0.0375,0.0439,0.0359,0.0402,0.0519,0.0246,0.0509,0.0138,0.0428,0.0015,0.017,0.056
719602,0.0359,0.04,0.0435,0.0413,0.0556,0.0537,0.0467,0.0122,0.0416,0.0117,0.0381,0.0613
719633,0.1116,0.143,0.1412,0.0909,0.1582,0.1412,0.1432,0.0593,0.149,0.0509,0.1068,0.165
719663,0.0844,0.0727,0.0631,0.0718,0.0621,0.0545,0.0841,0.0383,0.0978,0.025,0.0621,0.0571
719694,0.0671,0.0427,0.037,0.012,0.0186,0.0151,0.027,0.0278,0.0568,0.0237,0.0263,0.0221
719724,0.0803,0.1099,0.0784,0.0392,0.0352,0.0462,0.1271,0.1264,0.1256,0.0732,0.0644,0.0358
719755,0.0676,0.0785,0.0661,0.0508,0.058,0.0626,0.0897,0.0367,0.0726,0.0423,0.0748,0.0333
719786,0.0155,0.0106,0.0088,0.0058,0.0058,0.0093,0.0041,0.0326,0.0103,0.0006,0.0204,0.0052
719816,0.0414,0.0188,0.0186,0.0244,0.0284,0.0264,0.0205,0.0107,0.0338,0.0063,0.0175,0.0285
719847,0.0222,0.0315,0.025,0.0403,0.0435,0.0184,0.0368,0.0085,0.0338,0.0071,0.0224,0.0459
719877,0.0278,0.0324,0.0244,0.0286,0.0241,0.0224,0.0359,0.02,0.0331,0.0046,0.0228,0.0243
719908,0.0063,0.0097,0.0072,0.0128,0.0092,0.0128,0.0127,0.0011,0.0137,0,0.0088,0.0082
719939,0.0334,0.026,0.0221,0.0416,0.0362,0.019,0.0399,0.0068,0.0304,0.0004,0.0144,0.0372
719967,0.0324,0.0409,0.0329,0.0292,0.0395,0.0233,0.0254,0.0097,0.0298,0.0065,0.0175,0.0412
719998,0.0812,0.104,0.0935,0.0978,0.1822,0.0972,0.1207,0.028,0.117,0.0198,0.0916,0.1772
720028,0.0874,0.0862,0.0658,0.0267,0.0417,0.0514,0.0717,0.0856,0.0836,0.0223,0.0718,0.0411
720059,0.0601,0.0345,0.0299,0.0102,0.005,0.0225,0.0123,0.122,0.027,0.0406,0.0358,0.0054
720089,0.0757,0.0656,0.0312,0.0094,0.0234,0.0373,0.0319,0.0533,0.0386,0.0404,0.0404,0.016
720120,0.0241,0.0141,0.009,0.0021,0.0026,0.0123,0.0049,0.0192,0.0075,0.0054,0.0115,0.0027
720151,0.0444,0.0345,0.0232,0.0082,0.0394,0.0354,0.017,0.0104,0.0284,0.0063,0.0261,0.0339
720181,0.0381,0.0308,0.0308,0.0241,0.052,0.0192,0.0331,0.0072,0.0327,0,0.0198,0.0466
720212,0.0057,0.0051,0.0063,0.0144,0.0197,0.0061,0.0072,0.0154,0.0027,0.0008,0.0071,0.0155
720242,0.0246,0.0345,0.0251,0.0319,0.0388,0.0169,0.0354,0.0121,0.0249,0.0023,0.0165,0.0423
720273,0.0353,0.0218,0.0183,0.0292,0.0342,0.0125,0.0255,0.0012,0.014,0.0011,0.0136,0.0378
720304,0.0101,0.0087,0.0079,0.0132,0.0142,0.0079,0.0085,0.004,0.0081,0,0.0041,0.0162
720333,0.0474,0.0484,0.0414,0.0552,0.0666,0.0294,0.0576,0.0083,0.0445,0.0109,0.0243,0.0749
720364,0.0612,0.0809,0.0812,0.1008,0.1591,0.082,0.1165,0.0332,0.1189,0.0268,0.0543,0.1568
720394,0.0883,0.0804,0.0687,0.0381,0.0939,0.0613,0.066,0.0427,0.0791,0.0389,0.0678,0.1011
720425,0.0947,0.1964,0.1446,0.0547,0.0891,0.0755,0.1078,0.1002,0.0983,0.0276,0.0838,0.1178
720455,0.0291,0.0479,0.0321,0.0086,0.0148,0.0433,0.0115,0.06,0.0275,0.0325,0.0464,0.0206
720486,0.0599,0.0364,0.0389,0.0223,0.0401,0.0402,0.0273,0.0724,0.0293,0.0352,0.0473,0.0527
720517,0.0211,0.0123,0.0068,0.0069,0.0068,0.014,0.0097,0.034,0.0153,0.0124,0.0147,0.0028
720547,0.0291,0.029,0.0244,0.0296,0.0321,0.0384,0.0358,0.0108,0.0277,0.0005,0.0218,0.0356
720578,0.0551,0.0506,0.0495,0.0767,0.0679,0.0414,0.0614,0.0148,0.0537,0.0023,0.0373,0.0783
720608,0.0192,0.0146,0.0114,0.0163,0.0192,0.0123,0.019,0.01,0.0154,0.0032,0.009,0.0247
720639,0.0127,0.0121,0.0125,0.0214,0.0239,0.0118,0.0174,0.0023,0.0168,0,0.0079,0.0283
720670,0.0291,0.049,0.05,0.0852,0.0514,0.0483,0.0786,0.0146,0.056,0.0019,0.0542,0.0518
720698,0.023,0.0424,0.0384,0.042,0.0802,0.0555,0.0438,0.0221,0.0435,0.0064,0.0366,0.0973
720729,0.0564,0.0628,0.0538,0.0776,0.0779,0.0256,0.0601,0.0262,0.0528,0.0295,0.0626,0.0755
720759,0.0833,0.0982,0.1052,0.0633,0.0809,0.0839,0.0948,0.064,0.1019,0.0278,0.1251,0.0712
720790,0.0528,0.0595,0.0472,0.0112,0.0257,0.0072,0.0423,0.0978,0.0279,0.0533,0.049,0.0234
720820,0.0221,0.0027,0.0012,0.0005,0.0019,0.0072,0.0032,0.0556,0.0041,0.0319,0.0162,0.0031
720851,0.0375,0.0236,0.0183,0.0073,0.0098,0.0159,0.0156,0.0108,0.0198,0.0265,0.0243,0.0141
720882,0.0272,0.0476,0.0535,0.0485,0.0725,0.0307,0.0546,0.0189,0.0387,0.0075,0.054,0.0834
720912,0.0182,0.0084,0.012,0.0153,0.022,0.0085,0.013,0.0094,0.0215,0.006,0.0207,0.029
720943,0.0251,0.0317,0.019,0.0366,0.0344,0.0217,0.0381,0.0033,0.0328,0,0.0177,0.0426
720973,0.0075,0.0072,0.0083,0.0104,0.0197,0.0018,0.0112,0.0007,0.0067,0,0.0015,0.0188
721004,0.0219,0.0268,0.0209,0.0282,0.0289,0.0191,0.028,0.02,0.0181,0.0017,0.0217,0.0376
721035,0.004,0.0067,0.0072,0.017,0.013,0.0112,0.0072,0.0035,0.0083,0,0.0037,0.015
721063,0.0144,0.0238,0.0264,0.0311,0.0362,0.0118,0.027,0.0151,0.0184,0.0059,0.0143,0.0412
721094,0.0801,0.0772,0.0686,0.0738,0.1142,0.0619,0.0789,0.0196,0.0945,0.0241,0.0745,0.1354
721124,0.0844,0.0864,0.096,0.0451,0.1012,0.099,0.059,0.0831,0.0845,0.0676,0.1005,0.096
721155,0.0579,0.0486,0.0688,0.015,0.0294,0.02,0.0329,0.0833,0.0312,0.0433,0.0317,0.0297
721185,0.0606,0.0932,0.0368,0.0139,0.0101,0.0427,0.0539,0.0981,0.0519,0.0569,0.0576,0.0161
721216,0.0375,0.0369,0.0382,0.0261,0.0296,0.0237,0.026,0.0578,0.0425,0.0361,0.0379,0.0336
721247,0.0304,0.023,0.0134,0.0166,0.0162,0.0148,0.0229,0.0193,0.0232,0.0205,0.0252,0.0176
721277,0.0183,0.0153,0.0143,0.0049,0.0117,0.0495,0.0114,0.0199,0.0244,0.006,0.0328,0.0089
721308,0.0348,0.0562,0.0472,0.0608,0.0572,0.0345,0.0536,0.0067,0.0485,0.0025,0.0362,0.0577
721338,0.0077,0.0101,0.0096,0.0098,0.0119,0.0096,0.0095,0.0097,0.0083,0,0.0103,0.0109
721369,0.0148,0.0176,0.0156,0.0185,0.024,0.008,0.0154,0.0035,0.0107,0.0016,0.0118,0.0217
721400,0.0285,0.0329,0.0277,0.0457,0.0441,0.0199,0.0273,0.0095,0.0157,0.0013,0.0089,0.0474
721428,0.0436,0.0506,0.0467,0.0655,0.0783,0.0404,0.0612,0.019,0.047,0.0027,0.0438,0.0768
721459,0.0408,0.0262,0.0208,0.0219,0.0301,0.0124,0.0192,0.0036,0.0145,0.0003,0.0085,0.0325
721489,0.0625,0.0481,0.0407,0.0328,0.0562,0.0409,0.0598,0.0516,0.0513,0.0416,0.0536,0.0446
721520,0.1024,0.1019,0.0847,0.0428,0.0544,0.045,0.1537,0.0584,0.0727,0.0423,0.0699,0.0586
721550,0.0424,0.0233,0.023,0.0069,0.0087,0.0126,0.0099,0.0631,0.0133,0.0208,0.0172,0.0188
721581,0.0434,0.0891,0.0378,0.0155,0.033,0.0661,0.0393,0.1038,0.0729,0.0642,0.0544,0.0382
721612,0.011,0.0266,0.0242,0.0109,0.0233,0.0201,0.0284,0.0429,0.0318,0.0007,0.0259,0.0225
721642,0.0439,0.0306,0.0255,0.0231,0.038,0.011,0.0327,0.0177,0.0329,0,0.0131,0.0409
721673,0.0187,0.0188,0.0181,0.0257,0.0346,0.0095,0.017,0.0014,0.0111,0,0.0084,0.0344
721703,0.023,0.0337,0.027,0.0363,0.0504,0.0244,0.033,0.0021,0.0327,0.0007,0.0191,0.0538
721734,0.0071,0.0136,0.0146,0.0204,0.0312,0.0052,0.0207,0.0041,0.0098,0.0028,0.0114,0.0297
721765,0.0307,0.0308,0.0232,0.0306,0.0336,0.0201,0.0244,0.0143,0.0188,0.0039,0.0247,0.0341
721794,0.0318,0.0451,0.0406,0.0377,0.0532,0.0301,0.0401,0.0055,0.0354,0.0017,0.02,0.059
721825,0.0803,0.0795,0.0772,0.1302,0.1059,0.0781,0.1163,0.0249,0.1324,0.0179,0.119,0.119
721855,0.069,0.0857,0.0843,0.0826,0.1154,0.0962,0.0838,0.0397,0.1392,0.0505,0.1105,0.0567
721886,0.0738,0.0772,0.0469,0.0231,0.0449,0.0466,0.0295,0.0409,0.064,0.0329,0.0581,0.0411
721916,0.0359,0.017,0.0092,0.0024,0.0055,0.0063,0.0107,0.0626,0.014,0.0249,0.0132,0.0037
721947,0.0105,0.0047,0.0024,0.0006,0.0008,0.0041,0,0.0091,0.0017,0.0029,0.0064,0
721978,0.0415,0.0411,0.0247,0.0437,0.0203,0.023,0.0346,0.0428,0.0354,0.0265,0.0341,0.0184
722008,0.0752,0.08,0.0683,0.0654,0.0997,0.0219,0.0815,0.0179,0.0324,0.0034,0.0117,0.1046
722039,0.0296,0.0219,0.0219,0.0267,0.0342,0.0206,0.026,0.0043,0.0177,0.0012,0.0195,0.0369
722069,0.0188,0.0244,0.0176,0.0306,0.0304,0.0129,0.0206,0.0101,0.0187,0.0101,0.0124,0.0283
722100,0.0262,0.032,0.0294,0.0351,0.0378,NaN,0.0294,0.0254,0.0245,0.0092,0.0187,0.0395
722131,0.0142,0.0258,0.0105,0.0324,0.027,NaN,0.0297,0.0033,0.019,0.0003,0.0103,0.0304
722159,0.0325,0.047,0.05,0.0457,0.053,NaN,0.0495,0.0097,0.0447,0.0027,0.0237,0.062
722190,0.0577,0.0913,0.0765,0.0458,0.0534,0.0602,0.054,0.0121,0.0783,0.0089,0.043,0.0615
722220,0.057,0.0724,0.074,0.0484,0.037,0.0575,NaN,0.0517,0.0716,0.0321,0.0599,0.0425
722251,0.044,0.0925,0.0538,0.0452,0.0378,0.0657,0.0574,0.0491,0.1043,0.0217,0.1039,0.0567
722281,0.0352,0.0321,0.0172,0.0065,0.0138,0.0212,0.0193,0.0533,0.0259,0.0236,0.0375,0.0238
722312,0.0256,0.0198,0.0126,0.017,0.0314,0.0141,0.0211,0.0266,NaN,0.0307,0.0361,0.0324
722343,0.0023,0.0123,0.0132,0.009,0.0093,0.0107,0.0132,0.0253,0.0103,0,0.0124,0.0134
722373,0.0549,0.0864,0.0875,0.0766,0.1077,0.0545,0.0912,0.0401,0.063,0.0175,0.0416,0.094
722404,0.0126,0.0212,0.0168,0.0209,0.034,0.0123,0.0311,0.0057,0.0161,0.0035,0.0158,0.022
722434,0.0176,0.0425,0.0317,0.0526,0.0601,0.0232,0.0444,0.0045,0.0334,0.0027,0.0241,0.0691
722465,0.0178,0.0195,0.0187,0.0196,0.0221,0.0082,0.0189,0.0024,0.0108,0,0.0033,0.0333
722496,0.0191,0.014,0.016,0.0238,0.0191,0.0111,0.0175,0.0038,0.0126,0.0042,0.0054,0.0247
722524,0.0273,0.0477,0.0434,0.0366,0.0455,0.0464,0.0392,0.026,0.0426,0.0077,0.0274,0.0461
722555,0.0376,0.0593,0.0592,0.0674,0.0981,0.0509,0.0604,0.0408,0.0778,0.0341,0.0886,0.111
722585,0.1616,0.1337,0.1192,0.1272,0.1713,0.0925,0.1757,0.0494,0.1642,0.0404,0.1299,0.1602
722616,0.0835,0.0904,0.0897,0.0718,0.084,0.0877,0.0894,0.0456,0.0984,0.0516,0.1006,0.081
722646,0.0281,0.014,0.0303,0.0032,0.023,0.0144,0.0143,0.0422,0.0125,0.0128,0.0182,0.0082
722677,0.0121,0.001,0.0008,0.0004,0,0.0011,0.0013,0.0086,0,0.0029,0.0032,0
722708,0.0027,0.0003,0,0.0003,0.0006,0.0011,0,0.0055,0,0,0.0008,0.001
722738,0.0428,0.0395,0.0328,0.0356,0.0358,0.0322,0.036,0.027,0.0366,0.0124,0.0294,0.04
722769,0.0439,0.0403,0.0373,0.0475,0.0643,0.024,0.0391,0.0064,0.0327,0.0039,0.0296,0.0645
722799,0.0371,0.0372,0.0379,0.057,0.0546,0.0389,0.045,0.0097,0.0346,0.0016,0.0327,0.0523
722830,0.0329,0.0353,0.027,0.0465,0.0561,0.0161,0.039,0.0058,0.029,0.0024,0.0126,0.059
722861,0.022,0.0285,0.0297,0.0346,0.0439,0.0204,0.0245,0.0092,0.0234,0.0011,0.0106,0.0457
722889,0.0353,0.0447,0.0328,0.0242,0.0373,0.0314,0.0369,0.016,0.0418,0.0085,0.0233,0.045
722920,0.1322,0.1355,0.1066,0.1418,0.1588,0.1181,0.1255,0.0674,0.1473,0.0504,0.1314,0.1489
722950,0.1076,0.1314,0.1573,0.0658,0.1563,0.0931,0.1726,0.0404,0.1207,0.023,0.1021,0.1197
722981,0.0785,0.056,0.0583,0.0346,0.0565,0.0865,0.0531,0.0593,0.0779,0.0279,0.0873,0.0534
723011,0.0654,0.0454,0.0402,0.0264,0.0159,0.0462,0.0312,0.0382,0.0495,0.0143,0.0481,0.0209
723042,0.0226,0.0208,0.0051,0.0021,0.0039,0.0279,0.0135,0.0661,0.0315,0.0449,0.0373,0.0065
723073,0.0507,0.0257,0.0216,0.0212,0.0313,0.0212,0.0279,0.0235,0.0359,0.0061,0.0321,0.0276
723103,0.0171,0.0175,0.0072,0.0203,0.0264,0.0223,0.0194,0.0017,0.0264,0.0009,0.0332,0.0293
723134,0.0206,0.0218,0.0175,0.0152,0.0144,0.0121,0.0206,0.0021,0.0176,0,0.0148,0.019
723164,0.0243,0.0223,0.0225,0.0292,0.0245,0.0169,0.0186,0.005,0.0359,0.0018,0.0084,0.0276
723195,0.0177,0.0206,0.0175,0.0236,0.0245,0.016,0.0196,0.0029,0.0179,0.0002,0.0121,0.025
723226,0.0313,0.0357,0.0313,0.0456,0.0418,0.0294,0.0328,0.0119,0.0234,0.0054,0.02,0.0427
723255,0.0431,0.0495,0.0419,0.0427,0.0561,0.0545,0.0471,0.0255,0.0423,0.0101,0.0364,0.0636
723286,0.0799,0.1142,0.1073,0.1147,0.1694,0.0994,0.1667,0.0209,0.1466,0.0288,0.081,0.1716
723316,0.0958,0.0829,0.0703,0.0465,0.0845,0.1101,0.06,0.0393,0.0582,0.0236,0.0893,0.0837
723347,0.1022,0.0858,0.0712,0.054,0.0734,0.0543,0.0753,0.0795,0.0851,0.0398,0.0711,0.0486
723377,0.0315,0.0083,0.0107,0.0056,0.0065,0.0153,0.0075,0.0353,0.011,0.0283,0.0277,0.0064
723408,0.0395,0.028,0.0129,0.0041,0.004,0.0256,0.0138,0.0425,0.0233,0.0419,0.034,0.0043
723439,0.0243,0.0204,0.0114,0.0079,0.0035,0.0028,0.0109,0.0181,0.0139,0.0087,0.0026,0.0042
723469,0.033,0.0289,0.022,0.0154,0.0309,0.0129,0.0226,0.0147,0.0258,0.0172,0.0127,0.0328
723500,0.0526,0.0622,0.0452,0.0638,0.0713,0.2844,0.0655,0.0163,0.0495,0.0154,0.036,0.0824
723530,0.0078,0.0076,0.0044,0.0139,0.0155,0.0062,0.0029,0,0.0105,0,0.0055,0.0167
723561,0.0165,0.0302,0.0231,0.0333,0.0312,0.0402,0.045,0.0056,0.0435,0,0.0303,0.0305
723592,0.0262,0.0371,0.0293,0.0454,0.0459,0.019,0.0378,0.0041,0.0274,0.0035,0.0169,0.0476
723620,0.0517,0.0639,0.0648,0.0464,0.0824,0.0489,0.0693,0.01,0.0553,0.0139,0.0409,0.0964
723651,0.0963,0.0975,0.0936,0.0865,0.1264,0.0561,0.0709,0.048,0.0953,0.0152,0.0693,0.1392
723681,0.1347,0.1139,0.1058,0.0508,0.1034,0.1242,0.0816,0.142,0.1339,0.0663,0.1624,0.1
723712,0.0848,0.1257,0.0755,0.0453,0.079,0.1057,0.0791,0.0707,0.07,0.0458,0.1292,0.1072
723742,0.1125,0.1439,0.0862,0.0889,0.064,0.0741,0.0596,0.0944,0.0558,0.0585,0.0739,0.0733
723773,0.0619,0.0377,0.0514,0.0231,0.027,0.0124,0.0251,0.0589,0.0274,0.0477,0.0301,0.0533
723804,0.0345,0.021,0.026,0.0313,0.0459,0.0131,0.0288,0.0209,0.0333,0.0011,0.0209,0.0465
723834,0.039,0.0317,0.0188,0.0366,0.0342,0.0429,0.0339,0.0272,0.0446,0.0046,0.0333,0.0294
723865,0.0332,0.0433,0.028,0.0383,0.033,0.0243,0.0395,0.0174,0.0342,0.0052,0.0189,0.0365
723895,0.008,0.0156,0.012,0.0249,0.0221,0.0115,0.0178,0.0011,0.0155,0.0006,0.0107,0.0186
723926,0.0088,0.0108,0.0132,0.0102,0.0143,0.0083,0.0143,0.0075,0.0123,0.0004,0.0039,0.0181
723957,0.0166,0.0291,0.0213,0.022,0.0251,0.015,0.0121,0.0081,0.0128,0.0002,0.0108,0.029
723985,0.0423,0.0528,0.045,0.0555,0.0666,0.0234,0.0364,0.007,0.0352,0.0016,0.0148,0.0792
724016,0.0244,0.025,0.0274,0.0137,0.0393,0.0159,0.0149,0.002,0.0274,0.0003,0.0198,0.0571
724046,0.0453,0.0518,0.0617,0.0394,0.066,0.0391,0.0399,0.0382,0.0354,0.0141,0.0558,0.0615
724077,0.0625,0.0664,0.0716,0.0392,0.0583,0.0559,0.0979,0.0371,0.0809,0.0212,0.0779,0.0678
724107,0.0754,0.111,0.0514,0.0162,0.08,0.065,0.0444,0.0514,0.0561,0.0324,0.0644,0.0129
724138,0.0574,0.0461,0.0347,0.0219,0.0437,0.0279,0.03,0.0398,0.0433,0.0389,0.0337,0.0397
724169,0.0455,0.0358,0.0309,0.0442,0.0438,0.02,0.0408,0.0233,0.035,0.0126,0.0153,0.0502
724199,0.0607,0.069,0.0607,0.0634,0.0897,0.048,0.0621,0.0262,0.059,0.0198,0.036,0.0943
724230,0.0263,0.0299,0.0255,0.0322,0.0291,0.017,0.0263,0.0164,0.0246,0.0061,0.0113,0.0313
724260,0.0091,0.0071,0.0042,0.009,0.012,0.0021,0.0087,0.0008,0.0079,0,0.003,0.0122
724291,0.0174,0.019,0.0155,0.0228,0.0292,0.011,0.0256,0.0024,0.0166,0.0031,0.0098,0.028
724322,0.0126,0.0164,0.0181,0.0179,0.0358,0.0185,0.0148,0.001,0.0134,0.0005,0.0167,0.0316
724350,0.0356,0.0531,0.0541,0.0472,0.0641,0.0324,0.0478,0.0228,0.0343,0.0059,0.0234,0.0691
724381,0.0712,0.0698,0.0708,0.0428,0.0511,0.0702,0.063,0.0262,0.0728,0.0506,0.0529,0.0569
724411,0.1403,0.1831,0.1486,0.121,0.1974,0.1091,0.1852,0.0939,0.1817,0.0716,0.139,0.2235
724442,0.0684,0.0761,0.0884,0.0311,0.0286,0.0593,0.107,0.0747,0.0531,0.0414,0.089,0.0352
724472,0.0638,0.041,0.0163,0.013,0.0276,0.0156,0.022,0.0625,0.0272,0.0266,0.0245,0.0112
724503,0.02,0.0406,0.0069,0.0085,0.0031,0.0165,0.0151,0.0264,0.0167,0.0178,0.025,0.0035
724534,0.0246,0.0157,0.0081,0.004,0.0038,0.0101,0.0149,0.0424,0.0105,0.0046,0.0118,0.0083
724564,0.0234,0.0278,0.0276,0.0221,0.0395,0.0197,0.0236,0.0043,0.0183,0,0.0117,0.0411
724595,0.0508,0.0442,0.0429,0.052,0.0697,0.02329,0.0467,0.0058,0.0447,0.0031,0.0231,0.0748
724625,0.0135,0.0124,0.0094,0.0227,0.0396,0.007,0.0214,0.0017,0.0094,0,0.0132,0.0377
724656,0.0152,0.0187,0.0148,0.0162,NaN,0.0135,0.0159,0.0029,0.0102,0.0029,0.0083,0.0182
724687,0.0101,0.0171,0.013,0.0229,NaN,0.0158,0.0155,0.0201,0.0123,0.0055,0.0118,0.0235
724716,0.0556,0.0859,0.07,0.0668,NaN,0.0585,0.073,0.0362,0.0597,0.0073,0.0362,0.0911
724747,0.0867,0.0916,0.0763,0.0746,NaN,0.0667,0.0719,0.0287,0.0734,0.0284,0.049,0.107
724777,0.0522,0.0855,0.0752,0.0602,NaN,0.06,0.0593,0.0481,0.075,0.0246,0.0795,0.0802
724808,0.0565,0.0515,0.0289,0.0065,NaN,0.0119,0.0292,0.0621,0.0605,0.0363,0.0302,0.03
724838,0.0109,0.0069,0.0221,0.0009,NaN,0.0016,0.0037,0.0349,0.0046,0.0053,0.0116,0.0003
724869,0,0,0,0,NaN,0.0073,0,0.0018,0.0022,0.0037,0.0069,0.0004
724900,0.0404,0.0341,0.034,0.0132,NaN,0.0192,0.0275,0.0313,0.0189,0.019,0.0176,0.0209
724930,0.0395,0.0475,0.0419,0.0557,NaN,0.0355,0.035,0.0058,0.046,0.0031,0.0305,0.0833
724961,0.0733,0.0644,0.0604,0.0796,NaN,0.0463,0.084,0.009,0.0917,0.0019,0.0558,0.1057
724991,0.0233,0.022,0.0184,0.035,NaN,0.0056,0.0293,0.0062,0.0112,0.0014,0.0056,0.0257
725022,0.0112,0.019,0.0074,0.0184,NaN,0.0052,0.0155,0.0018,0.0112,0.0016,0.0066,0.0214
725053,0.0327,0.0435,0.042,0.0561,NaN,0.028,0.0723,0.0068,0.0433,0.0054,0.0342,0.0545
725081,0.041,0.0562,0.0504,0.0511,NaN,0.047,0.0657,0.0249,0.0385,0.0091,0.0368,0.0625
725112,0.0483,0.0547,0.0519,0.0629,NaN,0.0424,0.0499,0.0208,0.0416,0.0011,0.0444,0.0725
725142,0.0887,0.1266,0.0921,0.0834,NaN,0.0924,0.099,0.0677,0.1328,0.0313,0.1121,0.1004
725173,0.1003,0.0823,0.0611,0.0389,NaN,0.053,0.0676,0.0577,0.0638,0.0411,0.0993,0.0392
725203,0.0447,0.0303,0.0178,0.008,NaN,0.028,0.0171,0.06,0.0293,0.0321,0.0426,0.0082
725234,0.0652,0.0309,0.0193,0.0076,NaN,0.0315,0.0201,0.0581,0.0395,0.0215,0.0298,0.0149
725265,0.0032,0.0026,0,0.0003,NaN,0.0009,0,0.0184,0.0004,0.0095,0.0001,0.0016
725295,0.0787,0.0654,0.0673,0.0604,NaN,0.0722,0.0833,0.0108,0.0844,0.0042,0.0577,0.0655
725326,0.0358,0.0282,0.0298,0.033,NaN,0.019,0.0485,0.0117,0.0272,0.0081,0.025,0.0373
725356,0.0283,0.0257,0.0189,0.0308,NaN,0.0168,0.0398,0.012,0.0235,0.0046,0.0101,0.0345
725387,0.0072,0.0128,0.0086,0.0125,NaN,0.0077,0.0152,0,0.0117,0,0.0052,0.013
725418,0.0045,0.0131,0.0116,0.01,NaN,0.0085,0.0111,0.0069,0.0075,0.0021,0.0065,0.018
725446,0.0583,0.0575,0.0399,0.0529,NaN,0.059,0.0605,0.0307,0.0703,0.0191,0.0517,0.0817
725477,0.07,0.0738,0.0726,0.0636,NaN,0.0296,0.0843,0.0239,0.0582,0.0239,0.0484,0.0719
725507,0.0665,0.088,0.0811,0.029,NaN,0.0774,0.0823,0.0422,0.0598,0.0124,0.0905,0.0689
725538,0.0978,0.0908,0.0535,0.0042,NaN,0.0784,0.0566,0.1126,0.0648,0.054,0.0925,0.0332
725568,0.039,0.026,0.0204,0.0084,NaN,0.0304,0.0183,0.0843,0.0184,0.0582,0.0392,0.0171
725599,0.0266,0.0129,0.0045,0.0017,NaN,0.0163,0.0069,0.0649,0.0179,0.031,0.0256,0.0026
725630,0.0175,0.0114,0.0063,0.0095,NaN,0.0138,0.0032,0.0148,0.0168,0.0027,0.0183,0.0223
725660,0.0606,0.0416,0.0355,0.033,NaN,0.0318,0.0565,0.0142,0.0576,0.007,0.0349,0.0578
725691,0.0306,0.0448,0.0323,0.0348,NaN,0.0238,0.0402,0.0169,0.0345,0.0056,0.0236,0.0451
725721,0.0372,0.036,0.0313,0.0406,NaN,0.0192,0.0391,0.0084,0.0353,0.0047,0.0216,0.0432
725752,0.0246,0.0283,0.0197,0.0349,NaN,0.0182,0.0373,0.0067,0.0253,0,0.008,0.0259
725783,0.0338,0.0527,0.0358,0.0447,NaN,0.0213,0.0333,0.0082,0.0292,0.0098,0.0198,0.0518
725811,0.0996,0.1114,0.1099,0.1044,NaN,0.0932,0.114,0.0519,0.1237,0.0295,0.0678,0.1283
725842,0.1025,0.1264,0.1056,0.1121,NaN,0.0879,0.1324,0.036,0.0954,0.0305,0.0713,0.1301
725872,0.0801,0.1082,0.0855,0.0409,NaN,0.0438,0.0823,0.032,0.1018,0.0083,0.0466,0.0575
725903,0.1441,0.1313,0.1294,0.0958,NaN,0.1106,0.1495,0.0733,0.1191,0.0576,0.1041,0.1368
725933,0.1201,0.1065,0.1272,0.0624,NaN,0.1267,0.0891,0.0766,0.0995,0.0435,0.1046,0.0779
725964,0.0121,0.0128,0.0077,0.0041,NaN,0.0022,0.0059,0.0317,0.0073,0.013,0.0136,0.0078
725995,0.0483,0.0299,0.0347,0.0233,NaN,0.0286,0.0444,0.0196,0.0392,0.009,0.0407,0.0455
726025,0.0766,0.0842,0.0687,0.0675,NaN,0.0558,0.0907,0.0322,0.0573,0.0214,0.0351,0.0816
726056,0.0356,0.0376,0.0432,0.0613,NaN,0.0409,0.0564,0.0151,0.0465,0.0068,0.0315,0.0528
726086,0.0254,0.0257,0.0247,0.0212,NaN,0.0257,0.0245,0.0159,0.022,0.0163,0.0246,0.0246
726117,0.0224,0.023,0.0233,0.0439,NaN,0.0182,0.0512,0.0027,0.0244,0.003,0.0183,0.0412
726148,0.0098,0.0118,0.0089,0.014,NaN,0.0104,0.0131,0.0135,0.0168,0.0019,0.0059,0.0175
726177,0.0498,0.0547,0.0513,0.0393,NaN,0.0399,0.0516,0.0233,0.0463,0.0089,0.0294,0.0783
726208,0.0605,0.0578,0.053,0.0414,NaN,0.04,0.0609,0.0087,0.063,0.0123,0.0521,0.0852
726238,0.1542,0.1421,0.12,0.1291,NaN,0.1052,0.1447,0.1002,0.1418,0.0781,0.1108,0.1454
726269,0.1169,0.0545,0.053,0.02,NaN,0.0535,0.0537,0.0264,0.07,0.0168,0.0588,0.0369
726299,0.0876,0.0935,0.068,0.0161,NaN,0.0509,0.0722,0.0726,0.0461,0.0443,0.0591,0.0398
726330,0.0391,0.0193,0.016,0.0044,NaN,0.019,0.0108,0.0701,0.0349,0.0424,0.0403,0.0141
726361,0.034,0.0244,0.0173,0.0083,NaN,0.0208,0.0082,0.0575,0.0197,0.023,0.0174,0.0337
726391,0.0473,0.0391,0.0329,0.0559,NaN,0.0201,0.0377,0.0282,0.0387,0.0143,0.0248,0.0516
726422,0.0158,0.0227,0.0191,0.0181,NaN,0.0255,0.0087,0.0666,0.0176,0.0007,0.0124,0.0398
726452,0.0281,0.0308,0.0217,0.0271,NaN,0.0283,0.0346,0.0153,0.0294,0.0084,0.0236,0.0369
726483,0.0204,0.0187,0.0108,0.0255,NaN,0.0109,0.0218,0.0018,0.0172,0.0012,0.0206,0.0283
726514,0.0285,0.0296,0.021,0.0261,NaN,0.0183,0.0268,0.0031,0.0174,0.0031,0.0074,0.0367
726542,0.0169,0.0214,0.0222,0.0227,NaN,0.0192,0.0244,0.0083,0.0161,0.0009,0.0134,0.0292
726573,0.0921,0.0973,0.0865,0.0665,NaN,0.0835,0.1264,0.0235,0.1151,0.0171,0.0829,0.1021
726603,0.0568,0.0737,0.0807,0.0377,NaN,0.0617,0.0628,0.0653,0.0686,0.0523,0.0733,0.0653
726634,0.0684,0.0465,0.0456,0.0139,NaN,0.0225,0.0445,0.0709,0.0326,0.0349,0.0516,0.0245
726664,0.0796,0.0561,0.0405,0.0121,NaN,0.0085,0.0215,0.0681,0.0253,0.0172,0.0305,0.0223
726695,0.0317,0.016,0.0046,0.004,NaN,0.0092,0.0094,0.0377,0.0071,0.026,0.0175,0.0082
726726,0.0624,0.0548,0.0443,0.0385,NaN,0.0339,0.0689,0.0128,0.0542,0.0106,0.0418,0.0443
726756,0.0633,0.0585,0.0482,0.0682,NaN,0.0338,0.0756,0.0132,0.0691,0.0103,0.0387,0.0649
726787,0.0461,0.0401,0.034,0.035,NaN,0.0255,0.0406,0.0104,0.031,0.0046,0.0243,0.054
726817,0.0347,0.0312,0.0289,0.0437,NaN,0.0183,0.036,0.0035,0.0273,0.0022,0.0187,0.0395
726848,0.0273,0.0316,0.0265,0.0399,NaN,0.0126,0.0405,0.0028,0.0208,0,0.0133,0.0557
726879,0.0165,0.0245,0.0155,0.0195,NaN,0.0126,0.0225,0.004,0.0137,0.0002,0.0079,0.021
726907,0.0452,0.0489,0.0451,0.0557,NaN,0.0558,0.0473,0.0128,0.0588,0.0055,0.0387,0.077
726938,0.0728,0.0984,0.0775,0.0957,NaN,0.0737,0.1008,0.0283,0.0716,0.0163,0.0747,0.1303
726968,0.059,0.0529,0.0502,0.0609,NaN,0.0435,0.0642,0.0872,0.0629,0.0378,0.0672,0.0521
726999,0.0204,0.0184,0.0322,0.021,NaN,0.0351,0.0218,0.0177,0.0137,0.0102,0.0324,0.0253
727029,0.0814,0.0869,0.0492,0.0088,NaN,0.044,0.0499,0.0867,0.0421,0.085,0.0512,0.0418
727060,0.0603,0.0462,0.0355,0.0086,NaN,NaN,NaN,0.0718,0.0307,0.05,0.0191,0.0388
727091,0.0014,0.0004,0,0.0015,NaN,0.0023,0,0.0017,0.0007,0.0006,0.0014,0.0049
727121,0.0582,0.0437,0.0289,0.0588,NaN,0.0255,0.0628,0.0185,0.0446,0.007,0.0248,0.0591
727152,0.0438,0.0435,0.0409,0.0609,NaN,0.0368,0.0551,0.0086,0.0506,0.0018,0.0432,0.0665
727182,0.0182,0.0188,0.0172,0.0207,NaN,0.012,0.0225,0.004,0.0107,0.0004,0.0048,0.0216
727213,0.0312,0.0324,0.0244,0.0317,NaN,0.016,0.0316,0.016,0.02,0,0.0085,0.0268
727244,0.0177,0.025,0.0185,0.0259,NaN,0.0311,0.027,0.0121,0.0181,0.0025,0.0116,0.0408
727272,0.0387,0.0371,0.0356,0.0366,NaN,0.0392,0.0419,0.0187,0.0401,0.0048,0.021,0.0605
727303,0.0551,0.0388,0.0154,0.0417,NaN,0.0359,0.0366,0.0341,0.0307,0.0159,0.0226,0.0568
727333,0.0615,0.0693,0.0658,0.0331,NaN,0.0312,0.0508,0.0555,0.066,0.0178,0.0741,0.0549
727364,0.1138,0.0786,0.0736,0.0527,NaN,0.0269,0.0688,0.0654,0.0749,0.0391,0.0674,0.0464
727394,0.0789,0.0541,0.0561,0.0261,NaN,0.0362,0.0417,0.0492,0.028,0.0399,0.068,0.0246
727425,0.0285,0.0125,0.0039,0.0138,NaN,0.0181,0.0119,0.0465,0.0185,0.0335,0.0313,0.0038
727456,0.0157,0.0094,0.0075,0.0087,NaN,NaN,0.0098,0.0117,0.0139,0.011,0.0124,0.0193
727486,0.027,0.0233,0.0235,0.0146,NaN,NaN,0.0181,0.0103,0.0209,0.003,0.0192,0.0219
727517,0.0088,0.0076,0.004,0.0142,NaN,NaN,0.0148,0.0026,0.0209,0.0043,0.0093,0.0169
727547,0.0399,0.0279,0.0274,0.0347,NaN,NaN,0.0315,0.0156,0.0252,0.003,0.0197,0.0457
727578,0.019,0.0264,0.0239,0.0182,0.00446,NaN,0.0259,0.0064,0.0188,0,0.0172,0.0271
727609,0.0253,0.0246,0.0257,0.0288,0.013,NaN,0.0336,0.0117,0.0274,0.0157,0.0296,0.0431
727638,0.0333,0.0444,0.0409,0.0399,0.0453,NaN,0.0421,0.024,0.0332,0.0081,0.0207,0.0529
727669,0.0593,0.1016,0.1286,0.0915,0.143,NaN,0.1436,0.0203,0.0873,0.0239,0.0951,0.1396
727699,0.1394,0.1399,0.1171,0.1096,0.1717,NaN,0.1163,0.0571,0.0836,0.0175,0.0726,0.1473
727730,0.1071,0.0933,0.071,0.0295,0.0568,NaN,0.0594,0.0954,0.075,0.0636,0.0943,0.0563
727760,0.073,0.0511,0.0459,0.0037,0.0156,NaN,0.0286,0.0518,0.0295,0.0495,0.0508,0.009
727791,0.0696,0.0509,0.0414,0.0177,0.0511,NaN,0.0437,0.0523,0.0376,0.0283,0.0374,0.0494
727822,0.0292,0.041,0.0202,0.0293,0.0339,NaN,0.0444,0.0215,0.0374,0.0098,0.022,0.0368
727852,0.0176,0.0182,0.0302,0.0178,0.0267,NaN,0.0188,0.0097,0.0112,0.0018,0.0048,0.029
727883,0.0195,0.0168,0.0184,0.0082,0.0185,NaN,0.0233,0.0102,0.0195,0.0072,0.0171,0.0196
727913,0.0918,0.0753,0.0604,0.0848,0.0785,NaN,0.0763,0.0298,0.0918,0.0122,0.0735,0.0554
727944,0.0107,0.0125,0.0075,0.0288,0.0126,NaN,0.0148,0.0021,0.0194,0.0011,0.0039,0.013
727975,0.039,0.0357,0.0293,0.043,0.0375,NaN,0.0364,0.0167,0.0274,0.011,0.0153,0.0491
728003,0.0705,0.0831,0.072,0.0899,0.0901,NaN,0.0802,0.0188,0.0679,0.0186,0.0523,0.1125
728034,0.0401,0.0553,0.0517,0.0725,0.0833,NaN,0.0752,0.0169,0.0505,0.0084,0.042,0.0853
728064,0.1145,0.1221,0.1218,0.0554,0.0999,NaN,0.0932,0.0948,0.1139,0.0537,0.0849,0.1059
728095,0.071,0.0702,0.0689,0.0766,0.061,NaN,0.0714,0.1158,0.0748,0.0437,0.0894,0.064
728125,0.1009,0.0756,0.028,0.0198,0.0486,NaN,0.0556,0.0755,0.1189,0.0476,0.111,0.0194
728156,0.0615,0.0427,0.0319,0.0406,0.0209,NaN,0.0457,0.0331,0.047,0.0154,0.0339,0.0094
728187,0.0372,0.0249,0.0155,0.0092,0.0191,NaN,0.0183,0.019,0.0095,0.0106,0.0132,0.0094
728217,0.047,0.0326,0.0304,0.0235,0.0409,NaN,0.0284,0.0251,0.0158,0.0144,0.023,0.0404
728248,0.0544,0.0461,0.0275,0.0567,0.0443,NaN,0.0451,0.0262,0.0247,0.0065,0.0311,0.0449
728278,0.0399,0.0253,0.0237,0.0348,0.0337,NaN,0.0352,0.0111,0.0288,0.0046,0.0149,0.0335
728309,0.0254,0.0263,0.0145,0.034,0.0177,NaN,0.0219,0.0007,0.0218,0,0.0183,0.0283
728340,0.0196,0.026,0.0186,0.0272,0.0224,NaN,0.0228,0.0034,0.0185,0.0043,0.0117,0.0256
728368,0.0329,0.0442,0.033,0.0404,0.0329,NaN,0.0494,0.0149,0.043,0.0036,0.036,0.0517
728399,0.1197,0.1055,0.1064,0.1567,0.1702,NaN,0.1551,0.0688,0.101,0.0329,0.0801,0.2054
728429,0.0577,0.0763,0.0691,0.0638,0.1223,NaN,0.0807,0.0564,0.1198,0.0492,0.0808,0.1147
728460,0.0294,0.0429,0.0964,0.005,0.0791,NaN,0.0379,0.0518,0.0348,0.0217,0.0489,0.0282
728490,0.0647,0.0241,0.004,0.0003,0.0034,NaN,0.0266,0.0505,0.0095,0.0297,0.0225,0.0056
728521,0.0217,0.0087,0.0097,0.0046,0.0042,NaN,0.0098,0.0332,0.0018,0.0129,0.0109,0.0059
728552,0.0104,0.0108,0.0122,0.013,0.0098,NaN,0.0107,0.023,0.0093,0.0077,0.0252,0.0049
728582,0.0126,0.0064,0.004,0.0058,0.006,NaN,0.0066,0.0192,0.006,0.0084,0,0.0074
728613,0.0545,0.0648,0.0677,0.0921,0.0923,NaN,0.0681,0.0239,0.0486,0.0046,0.0458,0.0956
728643,0.028,0.0362,0.0262,0.0554,0.0462,NaN,0.0386,0.0095,0.0704,0.0071,0.0212,0.0421
728674,0.0174,0.0145,0.0155,0.0131,0.0179,NaN,0.0195,0.0023,0.0126,0,0.0064,NaN
728705,0.0233,0.0264,0.0284,0.0332,0.0332,0.0137,0.029,0.0096,0.0251,0.0076,0.0123,NaN
728733,0.029,0.0425,0.0388,0.0404,0.0654,0.0104,0.0479,0.0105,0.0439,0.0087,0.0227,NaN
728764,0.0162,0.0104,0.0133,0.0117,0.0194,0.0036,0.0134,0.0061,0.005,0,0.0063,NaN
728794,0.0498,0.0614,0.0677,0.0316,0.0375,0.0428,0.049,0.0352,0.0514,0.0429,0.0753,NaN
728825,0.049,0.0733,0.0305,0.0266,0.003,0.0139,0.0262,0.0693,0.0225,0.0532,0.0209,NaN
728855,0.0871,0.0818,0.0534,0.022,0.0173,0.0046,0.0423,0.0701,0.0262,0.0331,0.0578,NaN
728886,0.0216,0.0154,0,0.0095,0.0066,0.0051,0.0144,0.0372,0.0294,0.0202,0.0106,NaN
728917,0.0196,0.0273,0.0246,0.0136,0.0287,0.0095,0.0182,0.0063,0.0139,0.0027,0.0109,NaN
728947,0.0712,0.0618,0.0575,0.0553,0.0753,0.037,0.0924,0.009,0.0653,0.0071,0.044,NaN
728978,0.0282,0.0308,0,0.0245,0.0227,0.007,0.0291,0.0033,0.0211,0,0.0141,NaN
729008,0.0182,0.0198,0.0193,0.0238,0.009,0.0059,0.02,0,0.0157,0,0.004,NaN
729039,0.0104,0.011,0.0089,0.011,0.0086,0.0054,0.0134,0.0021,0.0103,0,0.0032,NaN
729070,0.0328,0.0259,0.032,0.0393,0.0366,0.0164,0.0303,0.0059,0.0327,0.0096,0.0143,NaN
729099,0.0454,0.0417,0.0458,0.0298,0.038,0.0234,0.0449,0.0136,0.0407,0.0029,0.0204,NaN
729130,0.0938,0.103,0.1138,0.13,0.118,0.0937,0.167,0.0193,0.1699,0.0225,0.102,NaN
729160,0.0473,0.0531,0.0553,0.0682,0.0599,0.0504,0.0537,0.0395,0.0409,0.0121,0.0492,NaN
729191,0.0446,0.0486,0.0375,0.0105,0.015,0.0387,0.0343,0.0836,0.0576,0.0559,0.0385,0.0103
729221,0.0363,0.0535,0.0389,0.0123,0.0228,0.0476,0.0332,0.0639,0.029,0.0504,0.0561,0.0065
729252,0.0302,0.0135,0.0131,0.0089,0.0222,0.014,0.0188,0.0391,0.0314,0.0213,0.0119,0.0212
729283,0.0257,0.0173,0.0242,0.0273,0.03,0.0181,0.0401,0.0172,0.0317,0.0106,0.0301,0.0263
729313,0.0262,0.0367,0.0301,0.0443,0.0372,0.018,0.0372,0.0156,0.0402,0.0114,0.0293,NaN
729344,0.0258,0.0249,0.0265,0.0327,0.0359,0.0216,0.0305,0.0073,0.0271,0,0.0102,NaN
729374,0.0043,0.0063,0.003,0.009,0.0042,0.011,0.0086,0.0002,0.0087,0,0.0138,NaN
729405,0.0339,0.0413,0.0212,0.0466,0.0397,0.0191,0.0404,0.0019,0.0456,0,0.0192,0.0498
729436,0.0233,0.0218,0.0214,0.0308,0.0276,0.0107,0.024,0.0016,0.0142,0.0007,0.0131,0.0376
729464,0.0264,0.0357,0.0298,0.0322,0.0367,0.014,0.0394,0.0169,0.0231,0.0026,0.0182,0.0577
729495,0.0252,0.0538,0.0452,0.0266,0.0612,0.0183,0.0511,0.0038,0.0345,0.0117,0.0228,0.0937
729525,0.0987,0.1233,0.1203,0.0896,0.16,0.1288,0.1353,0.0707,0.1373,0.1013,0.1557,0.226
729556,0.0782,0.0794,0.0519,0.0205,0.0513,0.0449,0.0513,0.0876,0.1354,0.0306,0.15,0.0592
729586,0.0271,0.0345,0.0411,0.0107,0.0275,NaN,0.0436,0.026,0.0018,0.0409,0.0157,NaN
729617,0.005,0.0468,0.009,0.0346,0.0073,NaN,0.0203,0.0146,0.0045,0.0085,0.0046,NaN
729648,0.0003,0.0004,0,0,0,NaN,0,0.0122,0.0027,0.002,0,NaN
729678,0.0007,0.0079,0.009,0.0144,0.0153,0.0071,0.0062,0.001,0.0094,0.002,0.0001,NaN
729709,0.0209,0.0287,0.0263,0.0394,0.0432,0.015,0.0478,0.0096,0.0597,0.0035,0.015,NaN
729739,0.0225,0.0208,0.0153,0.0229,0.0157,0.0201,0.0255,0.0029,0.0145,0.0003,0.0089,0.0355
729770,0.0152,0.023,0.0221,0.0199,0.0159,0.0116,0.0256,0.009,0.0131,0.0056,0.0111,NaN
729801,0.0277,0.0308,0.0277,0.047,0.0406,0.018,0.0343,0.0072,0.0265,0.003,0.0173,NaN
729829,0.0341,0.0427,0.0402,0.0332,0.0452,0.0349,0.0587,0.0134,0.0603,0.0089,0.0411,0.0441
729860,0.0792,0.1017,0.0957,0.0879,0.113,0.0612,0.113,0.0617,0.123,0.0287,0.0829,0.0813
729890,0.0915,0.11,0.0977,0.0958,0.17,0.1253,0.1655,0.0612,0.1221,0.0328,0.1196,0.1169
729921,0.065,0.1526,0.1133,0.0922,0.1607,0.1074,0.0885,0.0488,0.1041,0.0301,0.0996,0.0957
729951,0.0636,0.0429,0.0351,0.0179,0.0278,0.0563,0.042,0.0829,0.0603,0.0436,0.0856,0.0212
729982,0.0321,0.0545,0.0629,0.0203,0.0306,0.0544,0.0272,0.0625,0.038,0.0433,0.0724,0.0206
730013,0.0367,0.0352,0.0318,0.0117,0.0415,0.0251,0.0276,0.0071,0.0221,0.0096,0.0072,0.0243
730043,0.028,0.0273,0.0258,0.0259,0.0274,NaN,0.0253,0.0185,0.0305,0.0017,0.0174,0.031
730074,0.0342,0.0332,0.0229,0.052,0.0282,NaN,0.0292,0.0014,0.0275,0.0006,0.0173,0.027
730104,0.0369,0.03,0.0258,0.0529,0.0327,NaN,0.0422,0.0195,0.0695,0.0046,0.023,NaN
730135,0.0222,0.0244,0.0176,0.0409,0.0229,0.0093,0.0196,0,0.0203,0,0.0075,0.0363
730166,0.0244,0.017,0.0124,0.02,0.0263,0.0094,0.0222,0.0056,0.0122,0.0026,0.016,0.0363
730194,0.0531,0.0351,0.0317,0.0567,0.0445,0.0198,0.06,0.0213,0.0557,0.006,0.0394,0.0604
730225,0.0603,0.055,0.0435,0.0547,0.0688,0.0267,0.0783,0.0223,0.0532,0.0058,0.054,0.0581
730255,0.0424,0.0725,0.0563,0.0429,0.11,0.0524,0.0734,NaN,0.1582,0.0419,0.0976,0.0653
730286,0.1318,0.1286,0.0691,0.0402,0.0983,0.0705,0.0885,NaN,0.1738,0.0718,0.0986,0.1557
730316,0.1184,0.146,0.0919,0.0744,0.143,0.1199,0.0601,NaN,0.2555,0.0553,0.1247,0.0777
730347,0.028,0.0466,0.0371,0.0225,0.0279,0.0443,0.0301,NaN,0.0792,0.034,0.0673,0.0228
730378,0.0484,0.0788,0.0738,0.0539,0.0905,0.0372,0.073,NaN,0.0965,0.0023,0.0168,0.088
730408,0.0412,0.0469,0.0308,0.0179,0.04,0.0378,0.0434,NaN,0.0274,0.008,0.0373,NaN
730439,0.0763,0.0612,0.0481,0.0619,0.0569,0.0097,0.0469,NaN,0.0317,0.002,0.0132,NaN
730469,0.0295,0.0433,0.0587,0.0524,0.0343,0.0451,0.0532,NaN,0.023,0,0.046,NaN
730500,0.0199,0.0245,0.0186,0.0224,0.0257,0.0253,0.0284,NaN,0.0042,0.0032,0.0286,0.0267
730531,0.0279,0.0367,0.0341,0.0357,0.0403,0.0098,0.0448,NaN,0.0091,0.0008,0.0138,0.049
730560,0.0166,0.0167,0.02,0.0261,0.0345,0.0041,0.0301,NaN,0.0104,0.003,0.0207,0.0446
730591,0.0402,0.0312,0.0376,0.0382,0.0399,0.0187,0.0207,NaN,0.0662,0.0151,0.038,0.0359
730621,0.0784,0.0711,0.053,0.0545,0.043,0.0622,0.0902,NaN,0.0117,0.0261,0.0627,0.0363
730652,0.0689,0.0275,0.0181,0.0145,0.0249,0.0207,0.0628,NaN,0.0437,0.0626,0.079,0.0165
730682,0.0584,0.0488,0.0424,0.008,0.0417,0.0077,0.0232,NaN,0.0239,0.0515,0.0265,0.0411
730713,0.0441,0.0293,0.0109,0.0103,0.02,0.0127,0.0293,0.0269,0.0195,0.028,0.0312,0.0126
730744,0.0421,0.0368,0.0321,0.056,0.0514,0.0062,0.0435,0.0193,0.014,0.0102,0.0152,0.0602
730774,0.0922,0.0851,0.0711,0.1023,0.0958,0.068,0.0829,0.0176,0.0122,0.0179,0.0627,0.1031
730805,0.0585,0.0475,0.0457,0.0507,0.0526,0.032,0.0554,0.0142,0.0156,0.0079,0.0282,0.0618
730835,0.0142,0.0159,0.0113,0.0233,0.0143,0.004,0.0169,0.002,0.012,0.001,0.0087,0.0136
730866,0.0235,0.0197,0.0165,0.0271,0.0246,0.0127,0.0208,0.0041,0.0232,0.0012,0.0109,0.0258
730897,0.0191,0.0209,0.0158,0.0297,0.0228,0.0075,0.0108,0.0005,0.01,0.0044,0.0066,0.0231
730925,0.0194,0.0343,0.0242,0.0407,0.0475,0.0196,0.0505,0.0028,0.0091,0.0039,0.0128,0.0575
730956,0.0676,0.0842,0.0731,0.0664,0.0949,0.0733,0.0939,0.0174,0.0761,0.0166,0.0626,0.0858
730986,0.0631,0.0442,0.0324,0.0201,0.025,0.0401,0.0318,0.0213,0.0522,0.0325,0.074,0.0236
731017,0.0522,0.0161,0.0035,0.006,0.0102,0.0156,0.0142,0.0083,0.0152,0.016,0.0438,0.0058
731047,0.058,0.079,0.0589,0.0486,0.0532,0.0491,0.0991,0.0467,0.0735,0.0367,0.068,0.0564
731078,0.0426,0.0328,0.0246,0.0207,0.0249,0.0191,0.0254,0.0738,0.027,0.0264,0.0368,0.0322
731109,0.0453,0.0308,0.018,0.0069,0.0315,0.016,0.0273,0.0085,0.0229,0.0093,0.0178,0.0186
731139,0.098,0.0987,0.0915,0.0939,0.1055,0.0425,0.1115,0.0127,0.0687,0.0029,0.0497,0.1175
731170,0.0135,0.0238,0.0213,0.0373,0.0267,0.0134,0.0301,0.0002,0.0094,0,0.0169,0.0346
731200,0.0302,0.0308,0.0229,0.0314,0.0286,0.0499,0.0373,0.0053,0.0267,0.0042,0.0348,0.0324
731231,0.0331,0.0325,0.0261,0.0514,0.042,0.0174,0.0416,0.0014,0.0427,0.002,0.0165,0.0507
731262,0.0289,0.0282,0.0213,0.0313,0.0376,0.0096,0.0304,0.0043,0.0209,0.0006,0.017,0.0411
731290,0.0668,0.0725,0.0777,0.1222,0.1543,0.0645,0.1123,0.0099,0.0949,0.0085,0.1018,0.163
731321,0.1213,0.1361,0.1547,0.1377,0.2395,0.1123,0.223,0.0387,0.1654,0.0331,0.1775,0.2227
731351,0.0988,0.1039,0.1141,0.1477,0.1402,0.0999,0.1592,0.0451,0.1349,0.0405,0.1483,0.1441
731382,0.0744,0.0738,0.1005,0.0863,0.0657,0.0517,0.0734,0.0502,0.0581,0.0431,0.0835,0.0591
731412,0.0629,0.0433,0.0617,0.0239,0.0383,0.0553,0.0177,0.0391,0.0524,0.0372,0.0736,0.0268
731443,0.0255,0.0183,0.0186,0.0127,0.0123,0.0387,0.018,0.021,0.0415,0.0124,0.0477,0.0148
731474,0.0352,0.0247,0.0129,0.0165,0.023,0.0215,0.0263,NaN,0.0219,0.0178,0.0365,0.0213
731504,0.0606,0.0413,0.0339,0.0425,0.0254,0.035,0.0398,0.0105,0.0574,0.0162,0.0427,0.0254
731535,0.0067,0.0078,0.0083,0.0205,0.0159,0.0009,0.0139,0.004,0.0058,0.0013,0.0073,0.025
731565,0.04,0.0366,0.0293,0.049,0.0411,0.0178,0.0424,0.0072,0.0339,0.0012,0.024,0.0576
731596,0.0218,0.0237,0.0175,0.0328,0.0189,0.0126,0.0283,0.0023,0.0317,0,0.01,0.0236
731627,0.0396,0.0279,0.0332,0.0651,0.0491,0.0218,0.0595,0.0231,0.0579,0.0027,0.0268,0.0535
731655,0.0445,0.0555,0.0594,0.0729,0.0799,0.0438,0.0644,0.0284,0.0614,0.0097,0.0601,0.0892
731686,0.1249,0.1261,0.1151,0.1012,0.1465,0.0978,0.1553,0.0655,0.1358,0.0617,0.1332,0.1464
731716,0.0546,0.0686,0.1014,0.0582,0.0641,0.0622,0.0699,0.03,0.1011,0.0193,0.1226,0.1247
731747,0.1,0.1167,0.1128,0.0777,0.0921,0.1161,0.1114,0.0374,0.1757,0.0349,0.1209,0.1
731777,0.1375,0.1132,0.0876,0.0465,0.0724,0.0709,0.1094,0.0557,NaN,0.0396,0.1533,0.0757
731808,0.0357,0.0401,0.0211,0.0063,0.0224,0.0105,0.0269,0.0345,0.0138,0.0258,0.0381,0.0107
731839,0.0343,0.0109,0.0062,0.0019,0.0067,0.0139,0.0082,0.0119,0.0095,0.0104,0.0312,0.0095
731869,0.0272,0.0411,0.0333,0.0259,0.0411,0.0322,0.0372,0.0127,0.0502,0.0077,0.0719,0.0365
731900,0.0716,0.0729,0.0722,0.1181,0.1045,0.084,0.119,0.0359,0.0999,0.0141,0.0912,0.1241
731930,0.0239,0.0262,0.0263,0.0335,0.0302,0.0198,0.0242,0.0098,0.0216,0.007,0.015,0.0394
731961,0.0277,0.0223,0.0196,0.0397,0.0326,0.0272,0.039,0.0115,0.0367,0.0035,0.0328,0.0299
731992,0.0324,0.0352,0.0305,0.0326,0.0305,0.0118,0.048,0.0074,0.0374,0.0006,0.0256,0.0515
732021,0.0432,0.0415,0.0368,0.0672,0.036,0.0562,0.0581,0.0377,0.0469,0.0401,0.0532,0.0507
732052,0.0558,0.0724,0.0631,0.0486,0.0807,0.0311,0.0618,0.0179,0.0453,0.0216,0.0668,0.1005
732082,0.1157,0.1123,0.1329,0.0972,0.1351,0.0833,0.1347,0.0413,0.1116,0.0266,0.1225,0.1257
732113,0.027,0.0311,0.035,0.0219,0.0203,0.0198,0.0171,0.0399,0.0136,0.0209,0.0768,0.0222
732143,0.1095,0.1117,0.0554,0.0256,0.0339,0.0619,0.0513,0.0286,0.0882,0.0197,0.0987,0.0359
732174,0.0321,0.0374,0,0.019,0.0039,0.0298,0.0149,0.0388,0.0127,0.0083,0.0126,0.0063
732205,0.0287,0.0166,0.0117,0.0028,0.0129,0.0055,0.0098,0.0099,0.0087,0.0099,0.0104,0
732235,0.0639,0.0408,0.039,0.056,0.0428,0.0249,0.0631,0.0196,0.0534,0.0028,0.0276,0.0489
732266,0.0314,0.0514,0.0388,0.0558,0.0641,0.0646,0.0633,0.0208,0.0712,0.007,0.052,0.065
732296,0.0407,0.0227,0.0273,0.0459,0.0394,0.0192,0.0376,0.018,0.0271,0.01,0.0266,0.0437
732327,0.0255,0.0266,0.0169,0.0315,0.0232,0.0179,0.0272,0.005,0.0192,0.0004,0.0176,0.0272
732358,0.0214,0.0195,0.0159,0.0381,0.0199,0.0199,0.0257,0.004,0.0207,0.0002,0.0237,0.0176
732386,0.0558,0.0654,0.0763,0.0786,0.0832,0.043,0.0809,0.0107,0.0643,0.0232,0.0773,0.114
732417,0.0468,0.0387,0.0532,0.0576,0.1252,0.0279,0.0581,0.0059,0.0431,0.0007,0.0352,0.0724
732447,0.1078,0.1147,0.1292,0.0765,0.1309,0.109,0.1367,0.0364,0.1913,0.0263,0.1454,0.0916
732478,0.0658,0.0575,0.0567,0.0237,0.046,0.0459,0.0457,0.0521,0.0711,0.0526,0.0875,0.0293
732508,0.0353,0.0116,0.0061,0.0004,0.0174,0.008,0.0046,0.0194,0.0083,0.021,0.0167,0.0064
732539,0.0956,0.1286,0.0869,0.0469,0.0613,0.0512,0.1089,0.0391,0.0755,0.0251,0.0662,0.0819
732570,0.0265,0.0102,0.0065,0,0.0062,0.0067,0.0072,0.0219,0.0058,0.0226,0.0156,0.0019
732600,0.0095,0.0085,0.0066,0.0085,0.0087,0.0052,0.007,0.0083,0.004,0.0003,0.0094,0.008
732631,0.0325,0.0333,0.0208,0.0194,0.03,0.0061,0.0207,0.0038,0.0169,0.0039,0.0146,0.0337
732661,0.0265,0.0369,0.0442,0.0377,0.04,0.0194,0.049,0.0046,0.0348,0.0056,0.0137,0.0474
732692,0.0204,0.029,0.012,0.0315,0.014,0.0108,0.0178,0.0056,0.0097,0.0053,0.0161,0.0146
732723,0.0281,0.0444,0.0332,0.0507,0.0428,0.018,0.0438,0.0074,0.0381,0.0023,0.0286,0.0581
732751,0.0341,0.061,0.054,0.0771,0.0733,0.035,0.0802,0.0133,0.0555,0.0144,0.0508,0.077
732782,0.0849,0.1371,0.1158,0.1204,0.1968,0.0362,0.1188,0.0089,0.1053,0.0128,0.1362,0.1599
732812,0.076,0.0617,0.0214,0.0185,0.045,0.045,0.0353,0.0314,0.0488,0.0117,0.0618,0.0336
732843,0.0578,0.0713,0.0349,0.028,0.0311,0.0461,0.0284,0.0889,0.0564,0.0282,0.1097,0.0291
732873,0.0573,0.0793,0.0395,0.0142,0.0362,0.0217,0.0695,0.0441,0.0617,0.0189,0.0397,0.034
732904,0.0005,0.0009,0,0.0001,0,0,0.0014,0.0138,0,0.0065,0.001,0
732935,0.05,0.046,0.0491,0.0379,0.0674,0.0271,0.0501,0.0147,0.0424,0.0133,0.0399,0.0567
732965,0.0367,0.0335,0.0237,0.044,0.0438,0.0364,0.0403,0.0236,0.0515,0.0115,0.0597,0.0614
732996,0.0452,0.0451,0.0411,0.0539,0.0581,0.0122,0.061,0.0045,0.0296,0.001,0.0198,0.0793
733026,0.017,0.0153,0.0145,0.0187,0.0218,0.0117,0.0144,0.0162,0.0093,0.0034,0.0116,0.0164
733057,0.014,0.0133,0.0075,0.0191,0.0123,0.0055,0.0162,0.001,0.0065,0,0.0052,0.0209
733088,0.0179,0.031,0.0244,0.0325,0.0431,0.006,0.032,0,0.0173,0,0.0145,0.0575
733116,0.0292,0.0334,0.0297,0.0396,0.0411,0.0232,0.0403,0.0247,0.0347,0.0107,0.0473,0.0413
733147,0.0481,0.0569,0.0522,0.0701,0.0717,0.0542,0.1101,0.0214,0.0662,0.02,0.121,0.0702
733177,0.1219,0.0904,0.0952,0.0791,0.1391,0.0831,0.1242,0.0574,0.1438,0.0789,0.1866,0.1284
733208,0.0601,0.0231,0.017,0.0097,0.0256,0.0205,0.0238,0.053,0.0379,0.0475,0.0583,0.0137
733238,0.0756,0.0565,0.0287,0.018,0.0233,0.0662,0.031,0.1166,0.0483,0.0742,0.1075,0.0218
733269,0.0203,0.0206,0.0268,0.0148,0.0237,0.0143,0.0209,0.0238,0.0125,0.014,0.0312,0.018
733300,0.0126,0.0023,0.0055,0,0.0012,0.0055,0.0031,0.0112,0.0077,0.0107,0.0157,0.0011
733330,0.0242,0.0293,0.0206,0.0146,0.0221,0.0191,0.0161,0.0112,0.0185,0.0091,0.0251,0.0279
733361,0.0364,0.0353,0.028,0.0572,0.0425,0.02,0.0425,0.0068,0.0371,0.0073,0.0216,0.0478
733391,0.0135,0.0303,0.0187,0.0355,0.0382,0.013,0.0318,0.0013,0.0211,0.0008,0.0185,0.0418
733422,0.0091,0.0078,0.0053,0.0107,0.0071,0.0066,0.0065,0.0098,0.0051,0.001,0.0062,0.0067
733453,0.0281,0.0302,0.0218,0.0372,0.0253,0.0227,0.0328,0.0096,0.0235,0.0088,0.0281,0.0353
733482,0.0333,0.0316,0.0396,0.039,0.0416,0.0257,0.0527,0.0062,0.0389,0.0028,0.0495,0.0483
733513,0.0307,0.0289,0.0306,0.02,0.0449,0.0181,0.0324,0.0216,0.0474,0.01,0.0603,0.0469
733543,0.0596,0.0798,0.0773,0.0537,0.0681,0.0417,0.0576,0.0273,0.0597,0.0266,0.076,0.0403
733574,0.0499,0.0534,0.0436,0.0087,0.0194,0.0125,0.0333,0.0676,0.0271,0.0251,0.0181,0.0123
733604,0.055,0.0408,0.0511,0.0026,0.0216,0.042,0.022,0.0465,0.0229,0.0347,0.0393,0.0114
733635,0.0187,0.0055,0.0032,0.0018,0.0019,0.0106,0.0025,0.0412,0.0092,0.0287,0.0111,0.0008
733666,0.0189,0.0093,0.0144,0.0181,0.0076,0.003,0.0154,0.026,0.0093,0.0274,0.0106,0.0108
733696,0.0374,0.0707,0.0571,0.0607,0.0744,0.0434,0.0939,0.0137,0.0791,0.0122,0.0743,0.0829
733727,0.038,0.0345,0.026,0.0428,0.0283,0.0157,0.0406,0.0223,0.025,0.004,0.0257,0.0459
733757,0.0286,0.03,0.0257,0.025,0.0236,0.0242,0.0301,0.0164,0.0251,0.004,0.0227,0.0282
733788,0.0162,0.0152,0.0162,0.0211,0.0174,0.0081,0.0174,0.0121,0.0114,0.0003,0.0119,0.0238
733819,0.0305,0.0408,0.0359,0.0517,0.0122,0.0238,0.0422,0.0084,0.0317,0.0028,0.042,0.0502
733847,0.0445,0.0546,0.0523,0.0526,0.0652,0.0322,0.0653,0.0116,0.0536,0.0006,0.0411,0.1057
733878,0.1217,0.1293,0.1223,0.1132,0.195,0.075,0.1655,0.0748,0.1477,0.038,0.1667,0.2145
733908,0.0885,0.1149,0.0837,0.059,0.0759,0.0952,0.1251,0.0101,0.1103,0.0644,0.1228,0.0816
733939,0.0598,0.0281,0.032,0.0429,0.0414,0.0309,0.0516,0.0748,0.0737,0.025,0.048,0.0438
733969,0.0373,0.0248,0.009,0.0022,0.0113,0.0137,0.0111,0.0888,0.0122,0.0506,0.0219,0.0119
734000,0.0624,0.0495,0.0158,0.0163,0.0124,0.0247,0.0363,0.0515,0.023,0.0291,0.0483,0.019
734031,0.0669,0.0562,0.0635,0.0447,0.0513,0.0375,0.0725,0.0543,0.0618,0.0315,0.0816,0.0501
734061,0.01,0.0162,0.0098,0.0141,0.0204,0.012,0.0151,0.0123,0.0116,0.0114,0.0121,0.0269
734092,0.0313,0.0355,0.039,0.0496,0.0328,0.0225,0.0394,0.0191,0.0388,0.0013,0.0428,0.0474
734122,0.022,0.0245,0.0173,0.0239,0.0198,0.033,0.0278,0.0101,0.0277,0.0043,0.0243,0.0228
734153,0.0322,0.0301,0.0217,0.0449,0.0242,0.0199,0.0336,0.0092,0.0221,0.0022,0.0281,0.0406
734184,0.0475,0.0431,0.0413,0.054,0.0494,0.0336,0.0654,0.022,0.049,0.0063,0.0301,0.0505
734212,0.0742,0.0815,0.0703,0.0811,0.0675,0.0337,0.098,0.0177,0.0756,0.0179,0.0575,0.1162
734243,0.051,0.0728,0.0848,0.0749,0.0978,0.0305,0.0842,0.038,0.0769,0.0257,0.0597,0.0914
734273,0.0567,0.0454,0.0745,0.0393,0.0522,0.0633,0.0891,0.0392,0.0846,0.0298,0.0922,0.0599
734304,0.0966,0.0985,0.0906,0.0157,0.0833,0.0964,0.115,0.054,0.0964,0.0259,0.0943,0.0471
734334,0.0607,0.0411,0.0357,0.0144,0.0173,0.0252,0.0338,0.0362,0.0311,0.0201,0.0622,0.0189
734365,0.029,0.0184,0.0139,0.0102,0.0194,0.027,0.0147,0.0168,0.018,0.0477,0.038,0.0279
734396,0.0472,0.0317,0.0316,0.0172,0.0232,0.0404,0.0255,0.0226,0.0368,0.0258,0.0477,0.0177
734426,0.043,0.0676,0.0688,0.0721,0.0881,0.0443,0.0887,0.0154,0.0636,0.0266,0.0658,0.1027
734457,0.0163,0.0233,0.0236,0.0265,0.0166,0.0093,0.0216,0.004,0.015,0,0.01,0.0245
734487,0.0233,0.0244,0.0165,0.032,0.0123,0.01,0.0286,0.002,0.0179,0.0014,0.0207,0.0273
734518,0.0233,0.0125,0.0067,0.0075,0.0082,0.0057,0.008,0.0009,0.0107,0,0.0037,0.0094
734549,0.0465,0.0521,0.0397,0.0503,0.0436,0.0219,0.0488,0.0061,0.0335,0.0041,0.029,0.0605
734577,0.0403,0.0366,0.0376,0.0703,0.0385,0.0577,0.0526,0.0165,0.0531,0.007,0.074,0.0558
734608,0.0379,0.0603,0.0571,0.0462,0.0585,0.0342,0.0494,0.013,0.0492,0.02,0.0528,0.0637
734638,0.1127,0.1255,0.1136,0.1033,0.1277,0.0806,0.1382,0.042,0.0968,0.0733,0.1154,0.1257
734669,0.1013,0.0733,0.0649,0.0457,0.0774,0.0474,0.068,0.0432,0.0754,0.0539,0.0861,0.0336
734699,0.0454,0.0228,0.0193,0.009,0.0391,0.0256,0.0215,0.017,0.0235,0.0191,0.042,0.0158
734730,0.0422,0.0454,0.0194,0.0194,0.0173,0.0264,0.0394,0.0172,0.0348,0.032,0.05,0.0152
734761,0.0413,0.0375,0.0432,0.0286,0.0484,0.0183,0.0307,0.01,0.0264,0.029,0.0219,0.0398
734791,0.0416,0.0243,0.0367,0.0344,0.0457,0.0205,0.0331,0.0062,0.0269,0.015,0.0279,0.0511
734822,0.0544,0.0501,0.0452,0.07,0.0587,0.0221,0.0524,0.0144,0.0321,0.0015,0.0238,0.0731
734852,0.0223,0.0253,0.018,0.0343,0.0249,0.0162,0.0218,0.001,0.0142,0.0006,0.0139,0.027
734883,0.0102,0.0164,0.0108,0.0256,0.0146,0.0159,0.0191,0,0.0167,0.0006,0.0143,0.0157
734914,0.0209,0.0308,0.0265,0.0298,0.0227,0.0192,0.0361,0.0087,0.0254,0.0095,0.0264,0.0213
734943,0.0344,0.0541,0.0437,0.0533,0.0652,0.0248,0.0633,0.0097,0.0452,0.0095,0.0397,0.0592
734974,0.0506,0.0374,0.0473,0.0178,0.0571,0.0327,0.031,0.0173,0.0391,0.0051,0.0678,0.0389
735004,0.0551,0.0716,0.1316,0.0298,0.0722,0.0541,0.07,0.0253,0.0822,0.0226,0.0726,0.0451
735035,0.0667,0.0532,0.0396,0.0508,0.0422,0.0629,0.0397,0.04,0.0724,0.0331,0.0974,0.0171
735065,0.0335,0.0189,0.0057,0.0041,0.01,0.0154,0.0166,0.0324,0.0302,0.0374,0.0389,0.01
735096,0.0026,0.0011,0,0,0,0.0004,0.0003,0.0349,0.0006,0.0032,0.0016,0
735127,0.0217,0.016,0.0091,0.0055,0.011,0.0123,0.0099,0.0412,0.0145,0.0206,0.0256,0.0124
735157,0.0531,0.0441,0.0292,0.0201,0.0282,0.0259,0.0444,0.0069,0.0472,0.0083,0.0191,0.0134
735188,0.0644,0.0684,0.0614,0.0673,0.0753,0.0313,0.0659,0.006,0.0506,0,0.036,0.0795
735218,0.0229,0.0243,0.0196,0.0462,0.0208,0.0411,0.0387,0,0.0299,0,0.0449,0.024
735249,0.018,0.0234,0.0177,0.0394,0.0203,0.0152,0.0288,0.0031,0.0179,0.0026,0.0211,0.0232
735280,0.0284,0.0275,0.0258,0.0387,0.0323,0.0183,0.0318,0.01,0.0263,0.0086,0.0258,0.0392
735308,0.0238,0.0462,0.0295,0.0421,0.0562,0.0102,0.0577,0.0071,0.0249,0.0011,0.0179,0.0805
735339,0.0843,0.091,0.0795,0.0852,0.1048,0.0634,0.0703,0.0164,0.0992,0.0201,0.1055,0.138
735369,0.0788,0.0599,0.0541,0.0492,0.0671,0.0482,0.0652,0.0384,0.0841,0.0303,0.0692,0.0529
735400,0.0754,0.1107,0.0864,0.0369,0.1155,0.0371,0.125,0.0694,0.0687,0.0691,0.0822,0.0573
735430,0.0803,0.0477,0.0325,0.0151,0.0266,0.0233,0.0562,0.0284,0.038,0.0309,0.0456,0.0175
735461,0.0461,0.0327,0.0234,0.0312,0.0363,0.0282,0.0256,0.0759,0.0412,0.0426,0.0585,0.0511
735492,0.0111,0.0092,0.0107,0.0096,0.0145,0.005,0.0085,0.0032,0.004,0.0074,0.0097,0.0147
735522,0.0196,0.0207,0.0166,0.0127,0.0234,0.0129,0.0231,0.0082,0.0198,0.0117,0.0192,0.036
735553,0.0224,0.0156,0.0116,0.0166,0.0261,0.0118,0.0221,0.009,0.0251,0.0066,0.0185,0.0254
735583,0.0369,0.0335,0.0322,0.048,0.0643,0.0197,0.0491,0.0007,0.0322,0.0034,0.0226,0.0667
735614,NaN,NaN,NaN,NaN,NaN,NaN,NaN,NaN,NaN,NaN,NaN,NaN
735645,NaN,NaN,NaN,NaN,NaN,NaN,NaN,NaN,NaN,NaN,NaN,NaN
735673,NaN,NaN,NaN,NaN,NaN,NaN,NaN,NaN,NaN,NaN,NaN,NaN
735704,NaN,NaN,NaN,NaN,NaN,NaN,NaN,NaN,NaN,NaN,NaN,NaN
735734,NaN,NaN,NaN,NaN,NaN,NaN,NaN,NaN,NaN,NaN,NaN,NaN
735765,NaN,NaN,NaN,NaN,NaN,NaN,NaN,NaN,NaN,NaN,NaN,NaN
735795,NaN,NaN,NaN,NaN,NaN,NaN,NaN,NaN,NaN,NaN,NaN,NaN
735826,NaN,NaN,NaN,NaN,NaN,NaN,NaN,NaN,NaN,NaN,NaN,NaN
735857,NaN,NaN,NaN,NaN,NaN,NaN,NaN,NaN,NaN,NaN,NaN,NaN
735887,NaN,NaN,NaN,NaN,NaN,NaN,NaN,NaN,NaN,NaN,NaN,NaN
735918,NaN,NaN,NaN,NaN,NaN,NaN,NaN,NaN,NaN,NaN,NaN,NaN
735948,NaN,NaN,NaN,NaN,NaN,NaN,NaN,NaN,NaN,NaN,NaN,NaN